-43.22631,-22.97867,"[70658]","[70658]"
-43.95781,-19.86317,"N","[70756]"
-43.96081,-19.85608,"S","[70757]"
-47.88919,-15.72258,"S","[70787]"
-47.88397,-15.72222,"N","[70788]"
-47.05675,-22.91064,"[70848]","[70848]"
-46.56778,-23.67125,"S","[70964]"
-45.97356,-23.30664,"[70971]","[70971]"
-43.46883,-22.87989,"S","[71086]"
-43.22647,-22.97811,"S","[71275]"
-47.87008,-15.72908,"S","[71290]"
-41.80633,-22.40681,"E","[71317]"
-46.56656,-23.62203,"W","[71412]"
-43.17833,-22.94183,"[71424]","[71424]"
-46.54183,-23.62350,"S","[71448]"
-41.77208,-22.35911,"N","[71463]"
-46.62928,-23.67764,"[71522]","[71522]"
-43.21239,-22.91597,"S","[71659]"
-46.31175,-23.98117,"[71704]","[71704]"
-49.37867,-20.81447,"N","[71717-]"
-43.20703,-22.98283,"S","[71733]"
-43.20672,-22.98308,"W","[71734]"
-46.50611,-23.69828,"S","[71740]"
-46.50711,-23.68692,"S","[71741]"
-54.57478,-25.51753,"N","[71808]"
-46.78331,-23.56186,"S","[71852]"
-46.36717,-23.96994,"S","[71870]"
-49.37633,-20.79678,"N","[71901]"
-46.37739,-23.96761,"[71902]","[71902]"
-46.36931,-23.97164,"S","[71903]"
-43.18447,-22.96897,"[71915]","[71915]"
-46.71036,-23.54861,"S","[71997]"
-47.15517,-22.93881,"W","[72011]"
-47.10978,-22.91931,"E","[72015]"
-43.22653,-22.97778,"S","[72066]"
-43.22661,-22.97814,"S","[72067]"
-46.53692,-23.67667,"S","[72101]"
-46.53667,-23.67711,"N","[72102]"
-46.48428,-23.62694,"[72113]","[72113]"
-39.32228,-7.24397,"S","[72121]"
-46.65194,-23.62275,"N","[72165]"
-40.50228,-9.39825,"[72181]","[72181]"
-42.77031,-5.06569,"[72223]","[72223]"
-42.80233,-5.08631,"[72231]","[72231]"
-47.85036,-15.84319,"W","[72430]"
-51.92725,-23.41828,"N","[72556]"
-49.39753,-20.81950,"S","[72569]"
-43.19297,-22.95422,"S","[72580]"
-46.42786,-23.70611,"E","[72671]"
-40.49925,-9.39544,"W, video","[72728]"
-40.49997,-9.39969,"E, video","[72753]"
-40.49983,-9.39978,"N, video","[72755]"
-34.89217,-8.03856,"[72820]","[72820]"
-43.18972,-22.97589,"W","[72849]"
-49.28247,-16.63503,"W","[72914]"
-49.38483,-20.82281,"S","[72989]"
-45.90042,-23.15203,"S","[73024]"
-48.94983,-16.32903,"N","[73032]"
-48.95089,-16.32650,"N","[73038]"
-48.95133,-16.32858,"[73040]","[73040]"
-48.95114,-16.32878,"[73041]","[73041]"
-48.95153,-16.32883,"[73042]","[73042]"
-48.94997,-16.32872,"S","[73044]"
-48.94972,-16.32894,"W","[73045]"
-48.95183,-16.33375,"S","[73046]"
-35.21367,-5.79383,"N","[73090]"
-46.46817,-23.53622,"E","[73224]"
-46.54514,-22.95553,"E","[73231]"
-46.53869,-22.95944,"N","[73278]"
-38.52514,-3.74617,"N","[73339]"
-43.65053,-22.95128,"S","[73363]"
-45.88406,-23.22939,"[73644]","[73644]"
-46.62381,-23.68536,"W","[73675]"
-46.69692,-23.63819,"S","[73739]"
-37.08131,-10.92950,"[73855]","[73855]"
-37.08111,-10.92864,"[73857]","[73857]"
-44.28322,-2.49922,"[73894]","[73894]"
-46.99439,-22.96836,"N","[73967]"
-43.23556,-22.91319,"E","[73975]"
-43.23517,-22.91306,"W","[73976]"
-43.33575,-22.93706,"[73990]","[73990]"
-48.63997,-26.94406,"[74043]","[74043]"
-38.47694,-12.90342,"S","[74091]"
-38.47697,-12.90386,"N","[74092]"
-46.53994,-22.94544,"N","[74195]"
-46.52919,-22.95008,"E","[74197]"
-49.17914,-26.73178,"N","[74300]"
-46.67653,-23.58886,"S","[74361]"
-34.85500,-7.11964,"W","[74444]"
-45.97169,-23.30575,"E","[74470]"
-49.38197,-20.81828,"N","[74644]"
-43.22581,-22.92108,"N","[74669]"
-43.55958,-23.00519,"[74686]","[74686]"
-47.65214,-22.73647,"S","[74735]"
-49.26689,-16.71436,"N","[74768]"
-46.53597,-22.94156,"S","[74830]"
-47.65619,-22.71211,"S","[74887]"
-47.63003,-22.73872,"E","[74909]"
-43.28542,-22.97392,"N","[74915]"
-47.10953,-22.91911,"W","[74932]"
-46.67483,-23.56250,"N","[74996]"
-46.54972,-23.51683,"N","[75002]"
-46.57953,-23.60814,"S","[75009]"
-42.80603,-5.08786,"[75107]","[75107]"
-46.55447,-23.55067,"S","[75143]"
-46.64381,-23.59833,"W","[75166]"
-47.64769,-22.73608,"N","[75183]"
-49.38564,-20.82433,"N","[75237]"
-43.37264,-22.94908,"N","[75296]"
-43.35164,-22.93644,"N","[75325]"
-46.57211,-23.57986,"N","[75417]"
-49.37719,-20.78625,"S","[75440]"
-43.35208,-22.93597,"S","[75451]"
-49.07567,-26.91411,"[75479]","[75479]"
-49.07694,-26.90528,"[75483]","[75483]"
-46.55814,-23.57381,"E","[75548]"
-49.08111,-26.91117,"[75565]","[75565]"
-46.65944,-23.56961,"S","[75619]"
-43.21519,-22.90353,"W","[75723]"
-43.24111,-22.91881,"E","[75769]"
-51.16292,-23.31550,"E","[75789]"
-46.78278,-23.63408,"W","[75917]"
-34.83578,-7.09731,"E","[76107]"
-47.47858,-23.44169,"N","[76211]"
-54.82178,-22.22889,"[76232]","[76232]"
-54.82214,-22.22914,"[76233]","[76233]"
-46.58647,-23.71442,"S","[76255]"
-49.23742,-25.43958,"N","[76260]"
-49.37661,-20.81294,"N","[76457]"
-46.42567,-23.89539,"[76610]","[76610]"
-43.94789,-19.89769,"N","[76633]"
-46.53592,-22.94192,"N","[76649]"
-49.07475,-26.90672,"[76662]","[76662]"
-38.51767,-3.79350,"N","[76719]"
-49.36564,-20.80678,"W","[76721]"
-46.52119,-23.44719,"[76722]","[76722]"
-46.68164,-23.56239,"S","[76758]"
-41.77808,-22.39206,"S","[76901]"
-46.75867,-23.60933,"N","[76915]"
-46.60069,-23.59778,"S","[76930]"
-46.59742,-23.55097,"N","[76945]"
-48.63925,-26.98950,"[76962]","[76962]"
-48.64233,-26.99153,"[76963]","[76963]"
-48.63508,-26.98644,"[76964]","[76964]"
-46.59639,-23.56422,"N","[76983]"
-48.94544,-16.32769,"W","[76986]"
-48.94589,-16.32781,"E","[76987]"
-43.96047,-19.85697,"S","[77070]"
-48.95514,-26.93181,"[77162]","[77162]"
-49.08442,-26.89203,"N","[77186]"
-35.18128,-5.87031,"[77244]","[77244]"
-46.52850,-23.52497,"S","[77282]"
-43.24081,-22.91900,"N","[77286]"
-41.77967,-22.37903,"[77311]","[77311]"
-47.85083,-15.84353,"E","[77377]"
-49.26714,-16.71069,"S","[77499]"
-49.25972,-16.66383,"E","[77516]"
-49.25942,-16.66400,"N","[77517]"
-49.26669,-16.71400,"W","[77568]"
-49.26867,-16.69164,"W","[77657]"
-49.26906,-16.69181,"E","[77658]"
-35.18164,-5.86989,"[77716]","[77716]"
-43.41994,-22.86872,"E","[77739]"
-43.37267,-22.94856,"S","[77828]"
-46.50736,-23.68686,"[77907]","[77907]"
-43.21642,-22.96406,"S","[77938]"
-46.50450,-23.57239,"S","[77964]"
-49.27828,-16.74297,"[78074]","[78074]"
-45.96667,-23.29683,"N","[78091]"
-43.23369,-22.92456,"S","[78213]"
-43.28528,-22.97367,"S","[78256]"
-39.31328,-7.22419,"E","[78302]"
-41.80603,-22.40644,"S","[78386]"
-43.38825,-22.77792,"S","[78392]"
-43.38781,-22.77864,"N","[78393]"
-43.92139,-19.92039,"N","[78412]"
-43.93503,-19.91847,"S","[78420]"
-43.93464,-19.91725,"S","[78421]"
-43.17731,-22.94178,"S","[78498]"
-48.94953,-16.32753,"S","[78634]"
-43.92856,-19.92497,"N","[78658]"
-46.62900,-23.67744,"S","[78706]"
-43.92833,-19.92472,"S","[78783]"
-44.02331,-19.99311,"W","[78793-]"
-44.02392,-19.99333,"E","[78794-]"
-46.63311,-23.53222,"E","[78843]"
-46.37772,-23.96756,"[79270]","[79270]"
-46.46561,-23.46883,"N","[79346]"
-46.31203,-23.98111,"S","[79550]"
-43.93639,-19.92253,"N","[79567]"
-43.93700,-19.92186,"S","[79568]"
-43.97869,-19.92994,"E","[79633]"
-43.97836,-19.92975,"W","[79634]"
-43.93989,-19.91725,"S","[79636]"
-43.94061,-19.92031,"N","[79650]"
-43.94000,-19.91981,"S","[79651]"
-43.95194,-19.92664,"N","[79652]"
-43.96033,-19.85636,"N","[79690]"
-49.28297,-16.63533,"N","[79741]"
-49.28275,-16.63467,"S","[79742]"
-48.95850,-16.35008,"N","[79785]"
-41.82928,-22.40417,"E","[80007]"
-49.25408,-16.71044,"N","[80319]"
-44.02225,-19.97478,"S","[80502]"
-43.93497,-19.92478,"N","[80504]"
-46.42558,-23.89564,"N","[80640]"
-43.93528,-19.94792,"N","[80677]"
-43.94156,-19.92069,"W","[80707]"
-44.02200,-19.97492,"W","[80708]"
-43.93511,-19.94700,"S","[80709]"
-43.93486,-19.94789,"N","[80710]"
-43.93522,-19.94797,"[80711]","[80711]"
-46.54494,-22.95519,"S","[80724]"
-46.53883,-22.95897,"S","[80725]"
-46.54486,-22.95569,"N","[80728]"
-46.52883,-22.95019,"N","[80731]"
-46.52881,-22.94969,"S","[80732]"
-46.53967,-22.94511,"S","[80734]"
-46.53558,-22.94147,"S","[80735]"
-46.53556,-22.94175,"NW","[80736]"
-37.33350,-5.20958,"N","[80763]"
-43.38436,-22.92383,"S","[80847]"
-46.99206,-22.96531,"S","[80960]"
-43.24206,-22.91692,"E","[81055]"
-47.45214,-23.50814,"N","[81076]"
-47.45244,-23.50306,"N","[81082]"
-47.45481,-23.49747,"N","[81108]"
-43.20569,-22.89761,"W","[90485]"
-49.17933,-25.51364,"N","[91757]"
-49.17914,-25.51328,"S","[92040]"
-41.77194,-22.35861,"S","[92315]"
-43.93383,-19.91489,"W","[92317]"
-34.89178,-8.03861,"[92319]","[92319]"
-43.35258,-21.74983,"N","[92351]"
-35.88922,-7.22825,"S","[92396]"
-46.52783,-22.94419,"N","[92398]"
-46.52803,-22.94431,"N","[92399]"
-46.52797,-22.94369,"S","[92400]"
-46.52819,-22.94386,"S","[92401]"
-49.28761,-16.67286,"W","[92419]"
-49.28814,-16.67289,"E","[92420]"
-43.97356,-19.93028,"N","[92428]"
-43.93267,-19.92850,"N","[92429]"
-46.87792,-23.18247,"E","[92438]"
-46.87775,-23.18239,"E","[92440]"
-43.58375,-22.91081,"E","[92452]"
-43.58356,-22.91053,"W","[92454]"
-46.76197,-23.61708,"W","[92467]"
-50.90864,-17.78572,"[92476]","[92476]"
-46.58494,-23.58133,"W","[92477]"
-46.62972,-23.59317,"N","[92480]"
-43.94633,-19.92100,"S","[92488]"
-43.93322,-19.92803,"S","[92490]"
-34.94314,-8.09311,"E","[92497]"
-37.33244,-5.21147,"S","[92505]"
-46.22250,-23.97728,"N","[92509]"
-43.94967,-19.92522,"S","[92510]"
-43.95031,-19.92569,"N","[92512]"
-43.94347,-19.92175,"S","[92514]"
-43.94350,-19.92189,"N","[92517]"
-43.93731,-19.92433,"S","[92520]"
-43.97378,-19.92997,"S","[92521]"
-46.78325,-23.63403,"E","[92538]"
-35.77944,-9.56136,"N","[92540]"
-35.78133,-9.55772,"N","[92542]"
-35.78875,-9.54467,"N","[92543]"
-34.83875,-7.11950,"W","[92547]"
-48.95172,-16.33417,"N","[92553]"
-48.95150,-16.33400,"N","[92565]"
-43.99925,-19.93797,"W","[92573]"
-43.99953,-19.93808,"E","[92575]"
-43.63319,-22.91678,"W","[92583]"
-47.05056,-22.90531,"E","[92598]"
-46.48994,-23.65750,"E","[92603]"
-48.93664,-16.32581,"E","[92616]"
-48.93606,-16.32561,"S","[92624]"
-48.93547,-16.34928,"S","[92663]"
-49.24892,-16.67825,"S","[92667]"
-37.32569,-5.20336,"S","[92674]"
-37.31264,-5.19364,"[92678]","[92678]"
-52.62253,-27.09322,"N","[92683]"
-52.62239,-27.09303,"W","[92686]"
-38.62436,-3.87831,"N","[92747]"
-38.62431,-3.87761,"S","[92750]"
-38.43539,-12.93933,"N","[92767]"
-38.43594,-12.93894,"S","[92768]"
-41.72017,-22.31403,"S","[92783]"
-38.62453,-3.87769,"E","[92808]"
-43.38050,-22.91661,"W","[92809]"
-43.58914,-22.96747,"S","[92890]"
-43.58886,-22.96794,"N","[92893]"
-43.22306,-22.89983,"N","[92897]"
-43.36178,-22.80508,"E","[92923]"
-43.46917,-22.88019,"E","[92947]"
-46.20650,-23.54603,"S","[92948]"
-43.38169,-22.91706,"N","[92949]"
-43.38675,-22.91561,"N","[92950]"
-35.78000,-9.56078,"S","[93176]"
-43.64772,-22.96394,"[93652]","[93652]"
-48.96853,-16.34125,"N","[93661]"
-43.64786,-22.96353,"S","[93672]"
-43.95528,-19.81475,"[94233]","[94233]"
-52.61989,-27.09236,"S","[94238]"
-43.49150,-22.88336,"[94239]","[94239]"
-43.49231,-22.88353,"[94240]","[94240]"
-43.94367,-19.91453,"N","[94265]"
-34.83956,-7.15122,"[94267]","[94267]"
-47.89767,-1.29511,"E","[94281]"
-43.93056,-19.93967,"[94318]","[94318]"
-43.93947,-19.91722,"S","[94321]"
-43.31364,-22.85350,"[94332]","[94332]"
-43.31403,-22.85331,"[94333]","[94333]"
-44.26572,-2.55783,"[94336]","[94336]"
-43.25222,-22.85533,"[94339]","[94339]"
-46.60258,-23.53442,"S","[94341]"
-47.38758,-22.75328,"S","[94345]"
-45.88733,-23.22922,"W","[94346]"
-45.88756,-23.22922,"E","[94348]"
-45.88744,-23.22939,"N","[94349]"
-43.92878,-19.93481,"N","[94351]"
-35.88878,-7.22069,"[94356]","[94356]"
-43.93417,-19.92653,"S","[94370]"
-43.93250,-19.84697,"N","[94376]"
-43.96017,-19.93017,"E","[94380]"
-43.95736,-19.92914,"S","[94382]"
-43.95753,-19.92958,"E","[94384]"
-43.95700,-19.92978,"N","[94385]"
-43.95958,-19.92986,"W","[94386]"
-43.26897,-22.86558,"[94388]","[94388]"
-43.36025,-22.92053,"N","[94389]"
-43.57286,-22.90056,"[94390]","[94390]"
-43.57283,-22.90019,"[94391]","[94391]"
-43.57239,-22.90053,"[94392]","[94392]"
-43.38658,-22.91517,"W","[94394]"
-43.38725,-22.91494,"S","[94395]"
-43.38203,-22.91678,"E","[94396]"
-43.38147,-22.91669,"W","[94397]"
-43.93292,-19.84561,"S","[94398]"
-35.97511,-8.27181,"S","[94400]"
-35.97489,-8.27197,"N","[94401-]"
-47.15536,-22.93894,"E","[94407]"
-43.93642,-19.91444,"E","[94410]"
-43.93567,-19.91442,"W","[94411]"
-49.24733,-16.67789,"S","[94414]"
-49.24864,-16.67844,"E","[94423]"
-39.33872,-7.22694,"N","[94901]"
-46.49869,-23.66553,"E","[94915]"
-46.49653,-23.66575,"W","[94916]"
-43.38800,-22.95956,"S","[94943]"
-43.38828,-22.95989,"N","[94944]"
-39.34606,-7.22739,"N","[94961]"
-39.33222,-7.22653,"N","[94962]"
-47.56117,-22.42428,"[95066]","[95066]"
-43.39081,-22.96794,"S","[95151]"
-43.39064,-22.96853,"N","[95152]"
-43.36222,-22.91636,"[95427]","[95427]"
-46.60031,-23.55658,"[95435]","[95435]"
-46.55258,-23.56178,"N","[95436]"
-43.26333,-22.85119,"[95440]","[95440]"
-34.83994,-7.15092,"[95441]","[95441]"
-43.26892,-22.86514,"[95444]","[95444]"
-34.98256,-8.02067,"[95454]","[95454]"
-34.98211,-8.02050,"[95455]","[95455]"
-39.33381,-7.22628,"S","[95471]"
-43.93661,-19.92175,"S","[95472]"
-43.35281,-21.74956,"S","[96055]"
-51.92722,-23.41778,"S","[99201]"
-43.95825,-19.86286,"S","[99506]"
-46.69728,-23.63819,"[99507]","[99507]"
-43.94589,-19.90108,"S","[99509]"
-43.94542,-19.90131,"N","[99510]"
-41.84386,-22.40028,"W","[99512]"
-46.57444,-23.54508,"S","[99515]"
-46.65042,-23.57422,"S","[99529]"
-46.61933,-23.62578,"S","[99530]"
-43.94356,-19.90714,"S","[99533]"
-43.94317,-19.90744,"N","[99534]"
-51.90139,-23.42408,"[99535]","[99535]"
-46.60003,-23.53558,"N","[99536]"
-51.93644,-23.42172,"S","[99538]"
-51.93639,-23.42539,"S","[99539]"
-43.37375,-22.92283,"W","[99541]"
-43.37428,-22.92297,"E","[99542]"
-43.37578,-22.95372,"S","[99544]"
-43.37608,-22.95442,"N","[99545]"
-43.38247,-22.95828,"W","[99546]"
-46.69842,-23.67656,"E","[99549]"
-46.69822,-23.67678,"W","[99550]"
-43.94486,-19.82281,"N","[99552]"
-46.66344,-23.61617,"S","[99556]"
-46.64406,-23.56853,"[99557]","[99557]"
-43.95853,-19.90850,"W","[99562]"
-43.95911,-19.90831,"E","[99563]"
-46.73667,-23.63806,"S","[99570]"
-43.95519,-19.87175,"E","[99571]"
-43.95453,-19.87186,"N","[99573]"
-43.95464,-19.87247,"S","[99574]"
-43.95428,-19.87250,"N","[99575]"
-42.78219,-5.07386,"E","[99576]"
-42.78203,-5.07389,"N","[99577]"
-42.78197,-5.07372,"W","[99578]"
-42.78214,-5.07367,"S","[99579]"
-43.92950,-19.88844,"[99580]","[99580]"
-43.92917,-19.88892,"N","[99581]"
-43.92906,-19.87736,"[99584]","[99584]"
-43.92900,-19.87822,"[99585]","[99585]"
-46.61028,-23.66867,"[99587]","[99587]"
-43.93150,-19.90361,"E","[99588]"
-43.93125,-19.90367,"N","[99590]"
-43.93233,-19.90428,"N","[99591]"
-43.93272,-19.90336,"S","[99592]"
-51.93303,-23.42406,"N","[99594]"
-38.62714,-3.87517,"[99601]","[99601]"
-38.62825,-3.87200,"N","[99603]"
-46.65058,-23.59789,"N","[99606]"
-43.93303,-19.84369,"S","[99611]"
-42.79597,-5.06983,"W","[99614]"
-42.79597,-5.06994,"N","[99615]"
-42.79619,-5.06986,"E","[99616]"
-42.79614,-5.06964,"S","[99617]"
-42.77167,-5.07061,"[99618]","[99618]"
-43.97425,-19.91264,"E","[99623]"
-43.97361,-19.91261,"W","[99624]"
-43.95533,-19.81447,"N","[99640]"
-43.95542,-19.81406,"S","[99641]"
-43.95872,-19.81225,"S","[99642]"
-47.64064,-22.73742,"S","[99643]"
-43.95247,-19.81864,"[99644]","[99644]"
-43.94267,-19.92025,"[99663]","[99663]"
-43.94456,-19.90339,"N","[101238]"
-51.92778,-23.41944,"N","[101487]"
-51.92811,-23.41997,"S","[101488]"
-34.89283,-8.02778,"W","[101500]"
-43.55922,-23.00481,"[102151]","[102151]"
-43.95589,-19.81428,"[102318]","[102318]"
-46.69267,-23.54511,"[102864]","[102864]"
-46.77050,-23.66497,"[103021]","[103021]"
-41.73894,-22.33631,"[103362]","[103362]"
-43.95036,-19.88881,"[103369]","[103369]"
-43.94992,-19.88897,"N","[103370]"
-43.93461,-19.91778,"N","[103371]"
-43.93397,-19.91539,"[103372]","[103372]"
-43.93431,-19.91494,"[103373]","[103373]"
-43.91081,-19.90744,"[103374]","[103374]"
-43.92392,-19.92136,"[103375]","[103375]"
-43.92447,-19.92081,"[103376]","[103376]"
-51.93992,-23.42397,"N","[103377]"
-43.91061,-19.90697,"S","[103379]"
-43.91042,-19.90761,"[103380]","[103380]"
-43.93925,-19.91789,"N","[103382]"
-51.92767,-23.41883,"S","[103383]"
-51.90106,-23.42331,"[103388]","[103388]"
-43.92436,-19.92139,"[103436]","[103436]"
-43.92406,-19.92086,"[103437]","[103437]"
-46.29894,-23.98972,"E","[103438]"
-43.95069,-19.91758,"[103440]","[103440]"
-43.95089,-19.91772,"[103441]","[103441]"
-43.94650,-19.91792,"[103442]","[103442]"
-47.05767,-23.15289,"[103443]","[103443]"
-43.56311,-22.90986,"N","[103445]"
-43.94028,-19.91631,"N","[103447]"
-43.94686,-19.91789,"[103942]","[103942]"
-46.78303,-23.63125,"S","[103943]"
-51.89761,-23.41794,"N","[103945]"
-43.93269,-19.90400,"[103947]","[103947]"
-43.92939,-19.87792,"[103948]","[103948]"
-51.93639,-23.41806,"[103950]","[103950]"
-43.95217,-19.81975,"E","[103957]"
-41.80719,-22.35789,"[105581]","[105581]"
-41.80944,-22.35686,"[105582-]","[105582-]"
-43.95664,-19.94325,"[105584]","[105584]"
-43.95650,-19.94281,"[105585]","[105585]"
-43.94019,-19.93992,"[105589]","[105589]"
-43.93986,-19.93964,"[105590]","[105590]"
-43.94036,-19.93964,"[105592]","[105592]"
-45.12797,-4.56686,"[105598-]","[105598-]"
-42.80147,-5.09000,"[105601]","[105601]"
-42.80156,-5.08989,"[105602]","[105602]"
-43.93350,-19.92719,"[105610]","[105610]"
-43.95972,-19.93036,"[105631]","[105631]"
-43.95989,-19.92975,"[105632]","[105632]"
-43.95372,-19.82286,"[105636]","[105636]"
-44.01583,-19.97608,"[105639]","[105639]"
-43.18586,-22.81669,"[105648]","[105648]"
-46.55433,-23.55108,"N","[106266]"
-42.80558,-5.08789,"E","[106282]"
-34.85542,-7.11975,"E","[106534]"
-43.91078,-19.91758,"[107046]","[107046]"
-43.91106,-19.91792,"[107047]","[107047]"
-43.91081,-19.91792,"[107048]","[107048]"
-43.32372,-22.85533,"[107049]","[107049]"
-43.32353,-22.85503,"[107050]","[107050]"
-43.93628,-19.91558,"[107051]","[107051]"
-49.38928,-28.67294,"[107056]","[107056]"
-35.97153,-8.28239,"[107059]","[107059]"
-35.97289,-8.27703,"[107067]","[107067]"
-43.26781,-22.86167,"[107084]","[107084]"
-46.49147,-23.58228,"[107087]","[107087]"
-46.17936,-23.58036,"[107876]","[107876]"
-43.95789,-19.86319,"N","[108298]"
-43.95814,-19.86281,"S","[108299]"
-43.96069,-19.85603,"S","[108300]"
-43.96028,-19.85681,"N","[108301]"
-43.96036,-19.85694,"S","[108302]"
-43.96011,-19.85728,"N","[108303]"
-47.95264,-15.80939,"W","[108402]"
-39.34181,-7.22683,"[108705]","[108705]"
-34.83925,-7.11964,"E","[109596]"
-46.57067,-23.55819,"[114110]","[114110]"
-49.36592,-20.80683,"W","[114745]"
-41.73906,-22.33650,"[114773]","[114773]"
-39.28711,-4.33328,"[116060]","[116060]"
-39.08675,-3.67103,"[116065]","[116065]"
-39.71300,-5.09750,"[116115]","[116115]"
-47.89733,-1.29503,"[116198]","[116198]"
-51.03464,-30.08278,"E","[118358]"
-46.65028,-23.59778,"N","[122909-]"
-47.86986,-15.72833,"[123050]","[123050]"
-43.93603,-19.91544,"[123073]","[123073]"
-46.76239,-23.61728,"W","[123083]"
-43.93225,-19.90942,"[123140]","[123140]"
-43.95292,-19.87708,"[123149]","[123149]"
-43.95250,-19.87719,"[123150]","[123150]"
-43.97025,-19.80669,"[123155]","[123155]"
-43.97211,-19.80356,"[123156]","[123156]"
-43.97264,-19.80344,"[123157]","[123157]"
-43.93378,-19.85939,"S","[123158]"
-43.92867,-19.87667,"S","[123237]"
-43.92828,-19.87642,"S","[123238]"
-49.25700,-25.43592,"E","[123239]"
-51.87725,-23.44242,"[123240]","[123240]"
-51.87278,-23.44072,"[123241]","[123241]"
-51.87267,-23.44094,"[123242]","[123242]"
-49.25264,-25.47333,"[123244]","[123244]"
-53.74167,-24.71989,"[123247]","[123247]"
-53.74225,-24.72000,"[123248]","[123248]"
-44.29306,-2.50361,"[123255]","[123255]"
-43.92864,-19.93461,"N","[123262]"
-43.92881,-19.93431,"N","[123263]"
-46.54225,-23.73422,"[123264]","[123264]"
-46.57508,-23.72772,"W","[123269]"
-43.96411,-19.83403,"[123271]","[123271]"
-43.96708,-19.83942,"[123274]","[123274]"
-48.80542,-26.33853,"[123310]","[123310]"
-44.21419,-2.57400,"[125087]","[125087]"
-43.38319,-22.90000,"[126690]","[126690]"
-48.23519,-18.94967,"[127030]","[127030]"
-43.29875,-22.89519,"[128336]","[128336]"
-43.26347,-22.90219,"[139549]","[139549]"
-48.64031,-26.98025,"N","[139556]"
-48.64014,-26.98008,"N","[139557]"
-48.64050,-26.98136,"N","[139558]"
-48.64022,-26.98156,"N","[139559]"
-48.63992,-26.98433,"N","[139561]"
-48.63986,-26.98414,"N","[139562]"
-41.79114,-22.39836,"W","[139580]"
-48.63658,-26.99350,"[139584]","[139584]"
-48.63653,-26.99331,"[139585]","[139585]"
-46.57339,-23.71747,"[139622]","[139622]"
-48.63717,-26.98794,"[139625]","[139625]"
-47.45089,-23.53556,"[139626]","[139626]"
-49.17078,-26.72608,"[139627]","[139627]"
-49.17072,-26.72564,"[139628]","[139628]"
-49.17092,-26.72583,"[139629]","[139629]"
-43.98319,-19.90822,"[139630]","[139630]"
-35.73561,-9.66539,"[139631]","[139631]"
-35.73586,-9.66531,"[139632]","[139632]"
-44.01553,-19.97594,"[139633]","[139633]"
-48.62108,-27.00419,"[139634]","[139634]"
-48.62117,-27.00469,"[139635]","[139635]"
-48.63939,-26.98978,"[139636]","[139636]"
-48.63686,-27.00053,"[139637]","[139637]"
-48.63678,-27.00031,"[139638]","[139638]"
-48.64003,-26.99558,"[139640]","[139640]"
-48.64036,-26.99553,"[139641]","[139641]"
-48.64267,-26.99150,"[139642]","[139642]"
-42.53289,-22.27058,"[139644]","[139644]"
-42.53425,-22.27639,"[139645]","[139645]"
-42.53411,-22.27747,"[139646]","[139646]"
-42.53489,-22.27919,"[139647]","[139647]"
-42.53456,-22.27956,"[139648]","[139648]"
-42.53406,-22.28361,"[139649]","[139649]"
-48.64275,-26.98239,"[139650]","[139650]"
-48.63481,-26.98644,"[139651]","[139651]"
-48.63689,-26.98786,"[139652]","[139652]"
-43.24903,-22.90119,"[139798]","[139798]"
-43.27425,-22.90839,"[139799]","[139799]"
-47.85042,-15.84375,"[139835]","[139835]"
-41.78467,-22.39531,"[139899]","[139899]"
-54.62161,-20.46533,"[139926]","[139926]"
-54.62208,-20.46447,"[139927]","[139927]"
-54.62133,-20.46464,"[139928]","[139928]"
-49.17931,-26.73108,"N","[139932]"
-49.17883,-26.73144,"N","[139933]"
-34.83564,-7.09711,"[140465]","[140465]"
-46.55258,-23.56181,"[140938]","[140938]"
-43.38722,-22.91525,"O","[140962]"
-43.39456,-22.86208,"[140963]","[140963]"
-43.37181,-22.93564,"[140969]","[140969]"
-43.37322,-22.92253,"[140976]","[140976]"
-38.38503,-12.95172,"[141065]","[141065]"
-38.45475,-12.99683,"[141069]","[141069]"
-38.50733,-3.83047,"[141084]","[141084]"
-38.50722,-3.83033,"[141085]","[141085]"
-38.48439,-3.79614,"[141087]","[141087]"
-38.48389,-3.79600,"[141088]","[141088]"
-38.52344,-3.75117,"[141089]","[141089]"
-38.52367,-3.75111,"[141090]","[141090]"
-38.53450,-3.73592,"[141091]","[141091]"
-38.53836,-3.79100,"[141094]","[141094]"
-38.53864,-3.79100,"[141095]","[141095]"
-38.62842,-3.87172,"[141114]","[141114]"
-38.60458,-3.77061,"[141136]","[141136]"
-38.60489,-3.77069,"[141137]","[141137]"
-39.29525,-6.36386,"[141168]","[141168]"
-42.78008,-5.08081,"[141176]","[141176]"
-42.78028,-5.08092,"[141177]","[141177]"
-42.78028,-5.08106,"[141178]","[141178]"
-42.78019,-5.08067,"[141179]","[141179]"
-34.96158,-8.09214,"[141189]","[141189]"
-35.90239,-7.36369,"[141198]","[141198]"
-35.90250,-7.36383,"[141199]","[141199]"
-38.38636,-12.94031,"[141206]","[141206]"
-38.38650,-12.94022,"[141207]","[141207]"
-41.78019,-22.37819,"[141319]","[141319]"
-41.80572,-22.39067,"[141360]","[141360]"
-41.80578,-22.39069,"[141361]","[141361]"
-42.81047,-5.09958,"[141363]","[141363]"
-42.80194,-5.11247,"[141414]","[141414]"
-42.80239,-5.11219,"[141415]","[141415]"
-47.92247,-15.80328,"[141491]","[141491]"
-47.87475,-15.79542,"[141496]","[141496]"
-47.65639,-22.71233,"[141507]","[141507]"
-47.64853,-22.70258,"[141518]","[141518]"
-47.22903,-22.87503,"[141540]","[141540]"
-47.23042,-22.89347,"[141542]","[141542]"
-47.07006,-22.91017,"[141555]","[141555]"
-47.07031,-22.91011,"[141556]","[141556]"
-47.05867,-22.89703,"[141583]","[141583]"
-47.06322,-22.91192,"[141585]","[141585]"
-46.99144,-23.02694,"[141592]","[141592]"
-46.93544,-23.53825,"[141614]","[141614]"
-46.87308,-23.40700,"[141616]","[141616]"
-46.88136,-23.48828,"[141617]","[141617]"
-46.88139,-23.48856,"[141618]","[141618]"
-46.86986,-23.40867,"[141623]","[141623]"
-46.87053,-23.40819,"[141625]","[141625]"
-46.82964,-23.52122,"[141648]","[141648]"
-46.81533,-23.65961,"[141649]","[141649]"
-46.81547,-23.66006,"[141650]","[141650]"
-46.81764,-23.50958,"[141655]","[141655]"
-34.89767,-8.06236,"[141683]","[141683]"
-43.93319,-19.86061,"[141691]","[141691]"
-43.93361,-19.86033,"[141692]","[141692]"
-43.93322,-19.84389,"[141693]","[141693]"
-43.93356,-19.84392,"[141694]","[141694]"
-43.93339,-19.92703,"[141695]","[141695]"
-43.93353,-19.92678,"[141696]","[141696]"
-43.93422,-19.91572,"[141697]","[141697]"
-43.93547,-19.92439,"[141698]","[141698]"
-43.93542,-19.92469,"[141699]","[141699]"
-43.95717,-19.92967,"[141706]","[141706]"
-43.95336,-19.87481,"[141707]","[141707]"
-43.95442,-19.87242,"[141708]","[141708]"
-43.95453,-19.87253,"[141709]","[141709]"
-43.95264,-19.87719,"[141710]","[141710]"
-43.95278,-19.87717,"[141711]","[141711]"
-44.00553,-19.94583,"[141718]","[141718]"
-44.00567,-19.94578,"[141719]","[141719]"
-44.01900,-19.79967,"[141724]","[141724]"
-45.41200,-23.62000,"[141748]","[141748]"
-43.93250,-19.90361,"[141752]","[141752]"
-43.93111,-19.90331,"[141753]","[141753]"
-43.92844,-19.87636,"[141755]","[141755]"
-43.89661,-19.90517,"[141758]","[141758]"
-43.89678,-19.90533,"[141759]","[141759]"
-43.96219,-19.90822,"[141762]","[141762]"
-46.13611,-23.84497,"[141805]","[141805]"
-46.13600,-23.84533,"[141806]","[141806]"
-46.15408,-23.38397,"[141810]","[141810]"
-46.15375,-23.38428,"[141811]","[141811]"
-44.20217,-22.83861,"[141835]","[141835]"
-46.40803,-23.92692,"[141866]","[141866]"
-46.49214,-23.65508,"[141872]","[141872]"
-46.54686,-22.94006,"[141882]","[141882]"
-46.54981,-23.51661,"[141883]","[141883]"
-46.60656,-23.53892,"[141898]","[141898]"
-46.61403,-23.54139,"[141901]","[141901]"
-45.55839,-23.03017,"[141917]","[141917]"
-46.46794,-23.53611,"[141936]","[141936]"
-46.55556,-23.45681,"[141938]","[141938]"
-46.55575,-23.72383,"[141939]","[141939]"
-46.64267,-23.54761,"[141951]","[141951]"
-46.80092,-23.51178,"[141986]","[141986]"
-46.80133,-23.51233,"[141987]","[141987]"
-46.81753,-23.51025,"[141988]","[141988]"
-46.58131,-23.57014,"[142011]","[142011]"
-46.58147,-23.67272,"[142012]","[142012]"
-46.58264,-23.53544,"[142013]","[142013]"
-46.58308,-23.53517,"[142014]","[142014]"
-46.59569,-23.61044,"[142017]","[142017]"
-46.52972,-22.96106,"[142026-]","[142026-]"
-46.60267,-23.54786,"[142027]","[142027]"
-43.94214,-19.92114,"[142032]","[142032]"
-43.94336,-19.90719,"[142033]","[142033]"
-43.94569,-19.90117,"[142034]","[142034]"
-43.94822,-19.89758,"[142035]","[142035]"
-49.37753,-28.68086,"[142083]","[142083]"
-49.37783,-28.68136,"[142084]","[142084]"
-49.37828,-28.68122,"[142085]","[142085]"
-49.38422,-28.68219,"[142086]","[142086]"
-49.38453,-28.68208,"[142087]","[142087]"
-49.30678,-16.71228,"[142104]","[142104]"
-49.27672,-23.62158,"[142113]","[142113]"
-49.27675,-23.62158,"[142114]","[142114]"
-51.16825,-25.30953,"[142137]","[142137]"
-50.81708,-22.91547,"[142166]","[142166]"
-47.09536,-22.89472,"[142184]","[142184]"
-47.36128,-22.74594,"[142209]","[142209]"
-47.38561,-22.75289,"[142211]","[142211]"
-47.38569,-22.75286,"[142213]","[142213]"
-47.42319,-22.55944,"[142218]","[142218]"
-47.42356,-22.55903,"[142219]","[142219]"
-47.89208,-15.76939,"[142236]","[142236]"
-47.24011,-22.81503,"[142254]","[142254]"
-47.92228,-15.80308,"[142269]","[142269]"
-48.25819,-18.88794,"[142297]","[142297]"
-48.25822,-18.88778,"[142298]","[142298]"
-48.27033,-18.90822,"[142300]","[142300]"
-47.51675,-23.00031,"[142333]","[142333]"
-47.88144,-15.72253,"[142387]","[142387]"
-48.68872,-26.90231,"[142412]","[142412]"
-48.95181,-16.32244,"[142422]","[142422]"
-48.97744,-25.85286,"[142427]","[142427]"
-49.30042,-16.73319,"[142463]","[142463]"
-49.30017,-16.73300,"[142464-]","[142464-]"
-49.32528,-16.73164,"[142467]","[142467]"
-49.38414,-28.68172,"[142473]","[142473]"
-49.88322,-6.08058,"[142487]","[142487]"
-49.88375,-6.08072,"[142488]","[142488]"
-49.89236,-6.07397,"[142489]","[142489]"
-51.39925,-23.36078,"[142526]","[142526]"
-51.39917,-23.36106,"[142527]","[142527]"
-48.32556,-18.91272,"[142540]","[142540]"
-48.32575,-18.91306,"[142541]","[142541]"
-49.39131,-28.69094,"[142559]","[142559]"
-49.39153,-28.69064,"[142560]","[142560]"
-49.39161,-28.69097,"[142561]","[142561]"
-49.90617,-6.06719,"[142572]","[142572]"
-49.90664,-6.06778,"[142573]","[142573]"
-51.20028,-30.00447,"[142604]","[142604]"
-51.20042,-30.00444,"[142605]","[142605]"
-51.73911,-23.50561,"[142613]","[142613]"
-51.73933,-23.50572,"[142614]","[142614]"
-52.10742,-23.63625,"[142619]","[142619]"
-52.45617,-23.07967,"[142623]","[142623]"
-52.46044,-23.08322,"[142624]","[142624]"
-52.46058,-23.07994,"[142625]","[142625]"
-52.46350,-23.08981,"[142627]","[142627]"
-52.46369,-23.08992,"[142628]","[142628]"
-52.62292,-27.09319,"[142634]","[142634]"
-49.24072,-16.67586,"[142636]","[142636]"
-49.25439,-16.71033,"[142637]","[142637]"
-49.25494,-25.47078,"[142638]","[142638]"
-49.26792,-16.67778,"[142639]","[142639]"
-49.26750,-16.67756,"[142640]","[142640]"
-49.28556,-25.42606,"[142645]","[142645]"
-52.50103,-24.19767,"[142665]","[142665]"
-53.29328,-23.75753,"[142678]","[142678]"
-53.30144,-23.75964,"[142679]","[142679]"
-53.31422,-23.76642,"[142680]","[142680]"
-54.57572,-25.53403,"[142717]","[142717]"
-54.57661,-20.44883,"[142718]","[142718]"
-54.58586,-20.45864,"[142721]","[142721]"
-52.40597,-28.26442,"[142743]","[142743]"
-54.50714,-25.48392,"[142764]","[142764]"
-60.66508,2.82992,"[142783]","[142783]"
-60.67306,2.81983,"[142784]","[142784]"
-60.67858,2.82622,"[142786]","[142786]"
-60.69492,2.81981,"[142792]","[142792]"
-60.69531,2.82239,"[142793]","[142793]"
-56.07642,-15.62517,"[142795]","[142795]"
-56.07653,-15.62556,"[142796]","[142796]"
-56.09958,-15.59761,"[142800]","[142800]"
-49.31119,-16.69258,"[145095]","[145095]"
-46.56608,-23.71139,"[145155]","[145155]"
-43.96269,-19.90814,"[145266]","[145266]"
-43.96275,-19.90850,"[145267]","[145267]"
-45.57208,-23.01708,"[145357]","[145357]"
-45.57178,-23.01694,"[145358]","[145358]"
-45.53550,-23.02108,"[145360]","[145360]"
-45.53550,-23.02131,"[145361]","[145361]"
-43.94058,-19.91614,"[145372]","[145372]"
-43.91850,-19.88797,"[145373]","[145373]"
-43.93506,-19.90464,"[145374]","[145374]"
-43.92933,-19.88850,"[145375]","[145375]"
-38.38867,-12.92047,"[145378]","[145378]"
-43.37450,-22.91411,"[145387]","[145387]"
-43.37361,-22.91408,"[145388]","[145388]"
-45.57339,-23.02506,"[145415]","[145415]"
-46.39528,-23.98486,"[145430]","[145430]"
-45.95458,-23.28742,"[145451]","[145451]"
-51.92453,-23.45792,"[145472]","[145472]"
-45.95050,-23.26931,"[145479]","[145479]"
-45.95047,-23.26814,"[145480]","[145480]"
-46.89208,-23.17097,"[145483]","[145483]"
-46.89250,-23.17150,"[145484]","[145484]"
-45.95611,-23.29264,"[149081]","[149081]"
-46.64503,-23.57303,"S","[152949]"
-46.65681,-23.61231,"50kmh","[152950]"
-43.92419,-19.93228,"[153138]","[153138]"
-46.54408,-23.70306,"[153140]","[153140]"
-42.52542,-22.25158,"[153184]","[153184]"
-42.52578,-22.25206,"[153185]","[153185]"
-46.56558,-23.71106,"[153186]","[153186]"
-47.60906,-21.65828,"[153197]","[153197]"
-47.66414,-21.41461,"[153216]","[153216]"
-47.89558,-20.85097,"[153217]","[153217]"
-42.51194,-22.33675,"[153735]","[153735]"
-42.51158,-22.33711,"[153736]","[153736]"
-42.51194,-22.33736,"[153737]","[153737]"
-48.94242,-16.30497,"[153745]","[153745]"
-48.94231,-16.30525,"[153746]","[153746]"
-48.94500,-16.31578,"[153748]","[153748]"
-48.94497,-16.31628,"[153749]","[153749]"
-46.84497,-23.53850,"[153865]","[153865]"
-43.35217,-22.95808,"[153869]","[153869]"
-46.54083,-23.73453,"[153890]","[153890]"
-46.69269,-23.54514,"[155740]","[155740]"
-44.28950,-2.51328,"[155996]","[155996]"
-44.28967,-2.51308,"[155997]","[155997]"
-45.55922,-23.03742,"[155998]","[155998]"
-43.91544,-19.84625,"[156101]","[156101]"
-43.91572,-19.84603,"[156102]","[156102]"
-38.58700,-3.76608,"[156121]","[156121]"
-38.58708,-3.76597,"[156122]","[156122]"
-38.58689,-3.76597,"[156123]","[156123]"
-43.93806,-19.95186,"[156211]","[156211]"
-43.94181,-19.92067,"[156212]","[156212]"
-46.87367,-23.40700,"[156223]","[156223]"
-46.62633,-23.48803,"[156831]","[156831]"
-46.62642,-23.48772,"[156832]","[156832]"
-43.23881,-22.84539,"[157761]","[157761]"
-42.78950,-5.11217,"[157782]","[157782]"
-60.72781,2.82447,"[157786]","[157786]"
-60.73358,2.81731,"[157801]","[157801]"
-48.94817,-16.32475,"[157822]","[157822]"
-48.94825,-16.32458,"[157823]","[157823]"
-48.95219,-16.32261,"[157824]","[157824]"
-48.94328,-16.30936,"[157826]","[157826]"
-48.94331,-16.30883,"[157827]","[157827]"
-49.32544,-16.73253,"[157917]","[157917]"
-50.54294,-25.15703,"[157923]","[157923]"
-42.79453,-5.13767,"[157926]","[157926]"
-49.84308,-25.34697,"[157961]","[157961]"
-40.06572,-19.37036,"[158858]","[158858]"
-40.06553,-19.36906,"[158859]","[158859]"
-45.97431,-23.30511,"[159516]","[159516]"
-47.48072,-23.48050,"[159536]","[159536]"
-43.21164,-22.98497,"[159548]","[159548]"
-45.55261,-23.01983,"[160100]","[160100]"
-52.60597,-23.66403,"[160479]","[160479]"
-52.60564,-23.66464,"[160480]","[160480]"
-52.61364,-23.66331,"[160481]","[160481]"
-52.61378,-23.66372,"[160482]","[160482]"
-52.60978,-23.65883,"[160483]","[160483]"
-52.60928,-23.65881,"[160484]","[160484]"
-52.60197,-23.65914,"[160485]","[160485]"
-52.59514,-23.66322,"[160486]","[160486]"
-52.59169,-23.66367,"[160487]","[160487]"
-52.61792,-23.66581,"[160488]","[160488]"
-48.96083,-16.35533,"[160503]","[160503]"
-48.96069,-16.35536,"[160504]","[160504]"
-48.96042,-16.35594,"[160505]","[160505]"
-48.96067,-16.35586,"[160506]","[160506]"
-48.95261,-16.32747,"[160507]","[160507]"
-45.89508,-23.26839,"[160594]","[160594]"
-38.63636,-3.76783,"[163050]","[163050]"
-51.71278,-21.36142,"[163832]","[163832]"
-47.80808,-22.12889,"[163837]","[163837]"
-47.80675,-22.64833,"[163845]","[163845]"
-51.31194,-21.54578,"[163850]","[163850]"
-54.58514,-25.51675,"[163855]","[163855]"
-54.57642,-25.54483,"[163856]","[163856]"
-50.72092,-21.84225,"[163868]","[163868]"
-51.15075,-23.25822,"[163870]","[163870]"
-51.15011,-23.25814,"[163871]","[163871]"
-40.34450,-3.67400,"[163873]","[163873]"
-48.26131,-22.40517,"[163881]","[163881]"
-49.25464,-25.44831,"[163882]","[163882]"
-51.14886,-23.33700,"[163885]","[163885]"
-43.92508,-19.92600,"[163902]","[163902]"
-48.24378,-22.25597,"[163983]","[163983]"
-47.71472,-22.60628,"[164107]","[164107]"
-48.36822,-1.35533,"[164120]","[164120]"
-48.72561,-22.31833,"[164123]","[164123]"
-43.56722,-22.90742,"[164133]","[164133]"
-43.56681,-22.90739,"[164134]","[164134]"
-50.98206,-21.73389,"[164167]","[164167]"
-47.62217,-22.37208,"[164178]","[164178]"
-47.62053,-22.37383,"[164179]","[164179]"
-47.90242,-22.26378,"[164188]","[164188]"
-49.28639,-22.34550,"[164196]","[164196]"
-43.21014,-22.91675,"[164223]","[164223]"
-43.21033,-22.91697,"[164224]","[164224]"
-50.11239,-22.14111,"[164282]","[164282]"
-48.95122,-16.32756,"[165511]","[165511]"
-34.96119,-8.09197,"[166038]","[166038]"
-34.87869,-8.03944,"[166059]","[166059]"
-34.87906,-8.04003,"[166060]","[166060]"
-38.63617,-3.76781,"[166067]","[166067]"
-48.41981,-1.35717,"[166070]","[166070]"
-48.41975,-1.35681,"[166071]","[166071]"
-48.42022,-1.36306,"[166072]","[166072]"
-48.42008,-1.36339,"[166073]","[166073]"
-40.14997,-19.94439,"[166096]","[166096]"
-43.97222,-19.92614,"[166112]","[166112]"
-43.97256,-19.92581,"[166113]","[166113]"
-43.95189,-19.92119,"[166114]","[166114]"
-43.98564,-19.95425,"[166115]","[166115]"
-43.98581,-19.95389,"[166116]","[166116]"
-43.94381,-19.91653,"[166147]","[166147]"
-49.27400,-25.42525,"[166187]","[166187]"
-49.27383,-25.42536,"[166188]","[166188]"
-46.56336,-23.66311,"[166198]","[166198]"
-46.56353,-23.66350,"[166199]","[166199]"
-49.08958,-26.49528,"[166200-]","[166200-]"
-46.86967,-23.40889,"[166249]","[166249]"
-50.18317,-25.08442,"[166432]","[166432]"
-43.02100,-22.88231,"[167086]","[167086]"
-43.02086,-22.88253,"[167087]","[167087]"
-46.54658,-22.95556,"[167088]","[167088]"
-46.54631,-22.95589,"[167089]","[167089]"
-45.55028,-23.01400,"[167196]","[167196]"
-46.58258,-23.62569,"[167217]","[167217]"
-34.90022,-8.02975,"[167225]","[167225]"
-34.89661,-8.03342,"[167226]","[167226]"
-34.89803,-8.02708,"[167229]","[167229]"
-34.94975,-8.03453,"[167233]","[167233]"
-34.93600,-8.09161,"[167234]","[167234]"
-34.93619,-8.09181,"[167235]","[167235]"
-40.34225,-3.68719,"[167237]","[167237]"
-40.34275,-3.68628,"[167238]","[167238]"
-46.57392,-23.71156,"[167249]","[167249]"
-49.31828,-25.71464,"[168844]","[168844]"
-46.74978,-23.52061,"[168846]","[168846]"
-46.74994,-23.52072,"[168847]","[168847]"
-40.35150,-3.67181,"[168850]","[168850]"
-46.57239,-23.61317,"[168855]","[168855]"
-47.22383,-23.08889,"[168856]","[168856]"
-54.63472,-20.47142,"[168865]","[168865]"
-54.63450,-20.47183,"[168866]","[168866]"
-49.23119,-25.51425,"[168885]","[168885]"
-49.23156,-25.51394,"[168886]","[168886]"
-47.28222,-22.80931,"[168901]","[168901]"
-53.30814,-23.76431,"[168904]","[168904]"
-53.30800,-23.76375,"[168905]","[168905]"
-53.30775,-23.76411,"[168906]","[168906]"
-49.90325,-6.06861,"[168909]","[168909]"
-46.82342,-23.50808,"[168910]","[168910]"
-50.14531,-22.76961,"[168940]","[168940]"
-49.72328,-22.89367,"[169320]","[169320]"
-38.96558,-12.20697,"[169445]","[169445]"
-38.96550,-12.20694,"[169446]","[169446]"
-43.93497,-19.91894,"[169453]","[169453]"
-43.92608,-19.93864,"[169455]","[169455]"
-43.96503,-19.93117,"[169460]","[169460]"
-43.96478,-19.93103,"[169461]","[169461]"
-51.00850,-22.43519,"[169564]","[169564]"
-49.47872,-22.74931,"[169569]","[169569]"
-51.95517,-23.45786,"[170060]","[170060]"
-51.95592,-23.45786,"[170061]","[170061]"
-42.52739,-22.29531,"[170062]","[170062]"
-46.52575,-23.66083,"[170078]","[170078]"
-47.22997,-22.89911,"[170500]","[170500]"
-48.96336,-16.36819,"[170517]","[170517]"
-48.96356,-16.36772,"[170518]","[170518]"
-43.41006,-21.71350,"[170584]","[170584]"
-52.61661,-23.66644,"[170651]","[170651]"
-52.61086,-23.65433,"[170652]","[170652]"
-40.06547,-19.37033,"[170655]","[170655]"
-40.06578,-19.36906,"[170656]","[170656]"
-51.87317,-23.44194,"[171615]","[171615]"
-51.88219,-23.43519,"[171616]","[171616]"
-44.20678,-19.96828,"[171631]","[171631]"
-46.84469,-23.53864,"[171654]","[171654]"
-53.41486,-24.95886,"[171657]","[171657]"
-39.29306,-5.19192,"[171672]","[171672]"
-39.29375,-5.19192,"[171673]","[171673]"
-39.30161,-5.19158,"[171674]","[171674]"
-39.30094,-5.19156,"[171675]","[171675]"
-46.40761,-23.44064,"[171756]","[171756]"
-47.88778,-15.78042,"[171763]","[171763]"
-46.32122,-23.39422,"[171764]","[171764]"
-47.45825,-23.45250,"[171775]","[171775]"
-40.35925,-3.67711,"[171790]","[171790]"
-40.34439,-3.68439,"[171791]","[171791]"
-43.37944,-22.97314,"[171793]","[171793]"
-43.37997,-22.97331,"[171794]","[171794]"
-43.37944,-22.97303,"[171795]","[171795]"
-47.22506,-23.08725,"[171810]","[171810]"
-53.47111,-24.95458,"[171838]","[171838]"
-43.21764,-22.96628,"[171839]","[171839]"
-43.21781,-22.96622,"[171840]","[171840]"
-43.21728,-22.96619,"[171841]","[171841]"
-45.80517,-23.16314,"[171862]","[171862]"
-49.85361,-6.51886,"[171871]","[171871]"
-49.85333,-6.51969,"[171872]","[171872]"
-43.41722,-22.98939,"[171878]","[171878]"
-43.41683,-22.98886,"[171879]","[171879]"
-53.73606,-24.73544,"[171884]","[171884]"
-53.73614,-24.73519,"[171885]","[171885]"
-50.95558,-21.95958,"[171887]","[171887]"
-39.87614,-18.71572,"[171889]","[171889]"
-39.87361,-18.71683,"[171890]","[171890]"
-39.32208,-7.24481,"[171953]","[171953]"
-52.60989,-23.64839,"[171957]","[171957]"
-52.59811,-23.65467,"[171958]","[171958]"
-46.89069,-23.18875,"[172029]","[172029]"
-48.31436,-1.36636,"[172923]","[172923]"
-48.31422,-1.36600,"[172924]","[172924]"
-49.16725,-25.50075,"[173152]","[173152]"
-49.16772,-25.50139,"[173153]","[173153]"
-49.17269,-25.50650,"[173317]","[173317]"
-49.17286,-25.50683,"[173318]","[173318]"
-49.20742,-25.53767,"[173339]","[173339]"
-50.51725,-22.57233,"[173360]","[173360]"
-43.19969,-22.91425,"[173372]","[173372]"
-51.92856,-23.40311,"[173383]","[173383]"
-51.92869,-23.40375,"[173384]","[173384]"
-35.20917,-5.80408,"[173407]","[173407]"
-46.52408,-23.65661,"[173421]","[173421]"
-46.52408,-23.65681,"[173422]","[173422]"
-42.77056,-5.06589,"[173431]","[173431]"
-47.17981,-1.20050,"[173529]","[173529]"
-47.17958,-1.20075,"[173530]","[173530]"
-47.18125,-1.19725,"[173531]","[173531]"
-47.18100,-1.19747,"[173532]","[173532]"
-47.18253,-1.19381,"[173533]","[173533]"
-43.71772,-16.65389,"[173538]","[173538]"
-43.71747,-16.65408,"[173539]","[173539]"
-46.54797,-23.72164,"[173543]","[173543]"
-46.54831,-23.72167,"[173544]","[173544]"
-48.64011,-26.94372,"[173603]","[173603]"
-48.64236,-26.97967,"[173605]","[173605]"
-47.51644,-22.99981,"[173626]","[173626]"
-42.51353,-22.22283,"[173658]","[173658]"
-42.51389,-22.22303,"[173659]","[173659]"
-49.24689,-16.67806,"[173686]","[173686]"
-53.73750,-24.73428,"[173772]","[173772]"
-43.43353,-23.00314,"[173773]","[173773]"
-43.89967,-22.63081,"[173811]","[173811]"
-43.89944,-22.63036,"[173812]","[173812]"
-34.89294,-8.02786,"W","[174005]"
-46.56097,-23.64347,"[174131]","[174131]"
-46.54108,-23.62406,"[174132]","[174132]"
-46.53747,-23.63192,"[174133]","[174133]"
-49.33450,-25.40097,"[174190]","[174190]"
-49.33444,-25.40047,"[174191]","[174191]"
-49.33425,-25.40083,"[174192]","[174192]"
-49.33469,-25.40064,"[174193]","[174193]"
-37.33350,-5.20922,"N","[174195]"
-49.21372,-25.42969,"[174202]","[174202]"
-49.27772,-25.43358,"[174203]","[174203]"
-42.38328,-22.87861,"[174216]","[174216]"
-42.38381,-22.87847,"[174217]","[174217]"
-42.04978,-22.88867,"[174218]","[174218]"
-42.05022,-22.88842,"[174219]","[174219]"
-38.63628,-3.76758,"[174649]","[174649]"
-49.18925,-25.52397,"[175187]","[175187]"
-49.19017,-25.52508,"[175188]","[175188]"
-56.11233,-15.58728,"[175240]","[175240]"
-46.20619,-23.54603,"S","[175291]"
-48.23544,-18.93297,"[175572]","[175572]"
-39.31314,-7.22394,"[175617]","[175617]"
-43.26783,-22.86186,"[175655]","[175655]"
-43.98728,-19.90453,"[175709]","[175709]"
-43.94478,-19.90331,"N","[175797]"
-46.88117,-23.48847,"[175822]","[175822]"
-47.94433,-19.73869,"[175865]","[175865]"
-47.95319,-19.74275,"[175866]","[175866]"
-47.94731,-19.75297,"[175868]","[175868]"
-47.96017,-19.74267,"[175927]","[175927]"
-47.97775,-19.74992,"[175928]","[175928]"
-46.70619,-23.62467,"[175933]","[175933]"
-49.19789,-25.54044,"[175960]","[175960]"
-49.19767,-25.54036,"[175961]","[175961]"
-49.20097,-25.53647,"[175962]","[175962]"
-49.20103,-25.53686,"[175963]","[175963]"
-43.93608,-19.91478,"[175965]","[175965]"
-47.81350,-20.38017,"[175980]","[175980]"
-43.37189,-22.97342,"[176032]","[176032]"
-43.37097,-22.97328,"[176033]","[176033]"
-47.24142,-22.90242,"[176046]","[176046]"
-44.24433,-19.44961,"[176128]","[176128]"
-44.24433,-19.44997,"[176129]","[176129]"
-46.54653,-21.78678,"[176133]","[176133]"
-46.54614,-21.78700,"[176134]","[176134]"
-47.16489,-22.93717,"[176158]","[176158]"
-47.16461,-22.93647,"[176159]","[176159]"
-53.49014,-24.94919,"[176162-]","[176162-]"
-47.45853,-23.45267,"[176191]","[176191]"
-43.34994,-22.89525,"[176373]","[176373]"
-43.34994,-22.89497,"[176374]","[176374]"
-47.90778,-21.82139,"[176416]","[176416]"
-51.87528,-23.44811,"[176435]","[176435]"
-51.87539,-23.44825,"[176436]","[176436]"
-43.30133,-22.84456,"[176833]","[176833]"
-47.22836,-22.87517,"[177083]","[177083]"
-45.95894,-23.29206,"[177111]","[177111]"
-45.53586,-23.02125,"[177620]","[177620]"
-42.75919,-5.10525,"[177707]","[177707]"
-43.42753,-23.01833,"[177708]","[177708]"
-43.42781,-23.01839,"[177709]","[177709]"
-47.57539,-22.41797,"[177723]","[177723]"
-49.25519,-25.47067,"[177974]","[177974]"
-47.42369,-22.55928,"[177978]","[177978]"
-43.97228,-19.92583,"[178040]","[178040]"
-43.97244,-19.92631,"[178041]","[178041]"
-60.69944,2.78781,"[178410]","[178410]"
-60.69944,2.78742,"[178411]","[178411]"
-45.94064,-22.23372,"[178472]","[178472]"
-43.33017,-23.00111,"[178583]","[178583]"
-47.47958,-23.46283,"[178630]","[178630]"
-49.26367,-25.45189,"[178728]","[178728]"
-53.05286,-26.04908,"[178739]","[178739]"
-53.05261,-26.04947,"[178740]","[178740]"
-53.05042,-26.07842,"[178741]","[178741]"
-46.72297,-21.30536,"[178842]","[178842]"
-48.88136,-25.99208,"[178845]","[178845]"
-53.42147,-24.95292,"[178849]","[178849]"
-49.19833,-25.52164,"[178871]","[178871]"
-49.19881,-25.52153,"[178872]","[178872]"
-35.18306,-5.86725,"[178931]","[178931]"
-35.18247,-5.86761,"[178932]","[178932]"
-47.92378,-19.73442,"[178933]","[178933]"
-43.95153,-19.92094,"[179019]","[179019]"
-43.98597,-19.95400,"[179145]","[179145]"
-43.98542,-19.95411,"[179146]","[179146]"
-46.89328,-23.19031,"[179620]","[179620]"
-47.15178,-22.94019,"[179631]","[179631]"
-45.45986,-22.92533,"[179886]","[179886]"
-38.43386,-12.93378,"[179938]","[179938]"
-38.43336,-12.93375,"[179939]","[179939]"
-49.07503,-26.91422,"[180088]","[180088]"
-60.71044,2.83158,"[180097]","[180097]"
-60.69756,2.82744,"[180099]","[180099]"
-60.74553,2.81078,"[180100]","[180100]"
-42.98869,-22.89139,"[180101]","[180101]"
-42.98894,-22.89108,"[180102]","[180102]"
-49.29186,-16.77378,"[180143]","[180143]"
-49.29206,-16.77369,"[180144]","[180144]"
-47.07722,-22.89114,"[180153]","[180153]"
-51.96025,-23.41783,"[180238]","[180238]"
-46.83969,-23.51708,"[180241]","[180241]"
-42.53369,-22.28869,"[180277]","[180277]"
-49.30694,-16.74844,"[180280]","[180280]"
-45.95408,-23.29625,"N","[180292]"
-50.18283,-25.08442,"[180518]","[180518]"
-51.44672,-23.40125,"[180604]","[180604]"
-44.07944,-19.77875,"[180605]","[180605]"
-44.07981,-19.77894,"[180606]","[180606]"
-49.06414,-26.92269,"[180607]","[180607]"
-49.07114,-26.94308,"[180608]","[180608]"
-49.07089,-26.94267,"[180609]","[180609]"
-49.08117,-26.91064,"[180610]","[180610]"
-46.85764,-23.60092,"[180634]","[180634]"
-49.05661,-26.92633,"[180759]","[180759]"
-51.44306,-23.40642,"[180883]","[180883]"
-51.44950,-23.40492,"[180884]","[180884]"
-35.02708,-8.29025,"[180904]","[180904]"
-35.02736,-8.28986,"[180905]","[180905]"
-35.89581,-7.22058,"[181093]","[181093]"
-49.26128,-16.73192,"[181108]","[181108]"
-49.10506,-21.06819,"[181122]","[181122]"
-49.20756,-25.53781,"[181268]","[181268]"
-45.45792,-22.92356,"[182148]","[182148]"
-45.45794,-22.92325,"[182149]","[182149]"
-45.45817,-22.92347,"[182150]","[182150]"
-48.42767,-1.35933,"[182153]","[182153]"
-44.01742,-19.99206,"[182298]","[182298]"
-44.01753,-19.99167,"[182299]","[182299]"
-43.96544,-19.84939,"[182300]","[182300]"
-43.96553,-19.84944,"[182301]","[182301]"
-51.39089,-22.11900,"[182307]","[182307]"
-34.94514,-8.03706,"[182346]","[182346]"
-44.21753,-2.54317,"[182347]","[182347]"
-44.21778,-2.54289,"[182348]","[182348]"
-44.22894,-2.53369,"[182349]","[182349]"
-44.22922,-2.53367,"[182350]","[182350]"
-49.95183,-22.22147,"[182527-]","[182527-]"
-49.95200,-22.22147,"[182528-]","[182528-]"
-49.95200,-22.22161,"[182529-]","[182529-]"
-49.95189,-22.22169,"[182530-]","[182530-]"
-49.94739,-22.21228,"[182589-]","[182589-]"
-49.94728,-22.21231,"[182590-]","[182590-]"
-53.46628,-24.95058,"[182610-]","[182610-]"
-41.29881,-21.79703,"[182614]","[182614]"
-46.56292,-23.11492,"[182653]","[182653]"
-38.47978,-3.74225,"[182683]","[182683]"
-38.48944,-3.74683,"[182684]","[182684]"
-48.60711,-17.74144,"[182710]","[182710]"
-48.60753,-17.74153,"[182711]","[182711]"
-49.22961,-18.40872,"[182806]","[182806]"
-49.22997,-18.40881,"[182807]","[182807]"
-49.22378,-18.41850,"[182808]","[182808]"
-47.39431,-22.51700,"[182811]","[182811]"
-49.22969,-18.40892,"[182812]","[182812]"
-46.33300,-23.39814,"[182815]","[182815]"
-47.14969,-22.96786,"[182850]","[182850]"
-46.33342,-23.39797,"[182892]","[182892]"
-53.50761,-28.30111,"[183195]","[183195]"
-53.50769,-28.30081,"[183198]","[183198]"
-47.26511,-22.82053,"[183234]","[183234]"
-52.47833,-23.09761,"[183241]","[183241]"
-42.54300,-22.30564,"[183251]","[183251]"
-46.61833,-23.56639,"[183260]","[183260]"
-35.90144,-7.36333,"[183302-]","[183302-]"
-35.90128,-7.36347,"[183303-]","[183303-]"
-35.90128,-7.36308,"[183304-]","[183304-]"
-45.90181,-23.16381,"[183337]","[183337]"
-49.23969,-22.16736,"[183338]","[183338]"
-43.95383,-19.87408,"[183344]","[183344]"
-41.94756,-18.86106,"[183451]","[183451]"
-51.95658,-23.43864,"[183452]","[183452]"
-45.70403,-23.10600,"[183492]","[183492]"
-46.81408,-23.20767,"[183525]","[183525]"
-46.87750,-23.18439,"[183574]","[183574]"
-43.95850,-19.86192,"[183738]","[183738]"
-34.96833,-8.08111,"[183940]","[183940]"
-47.65036,-22.70314,"[185740]","[185740]"
-46.44383,-23.51356,"[185747]","[185747]"
-46.49844,-23.51042,"[185800]","[185800]"
-49.08103,-26.49694,"[185803]","[185803]"
-46.59969,-23.60919,"[185806]","[185806]"
-46.59978,-23.60911,"[185807]","[185807]"
-46.66417,-23.58794,"[185809]","[185809]"
-46.15667,-23.38561,"[185813]","[185813]"
-48.96306,-16.36825,"[185883]","[185883]"
-43.34978,-22.89519,"[185888]","[185888]"
-51.38533,-22.12711,"[185890]","[185890]"
-34.83658,-7.97947,"[185899]","[185899]"
-34.84600,-7.97547,"[185902]","[185902]"
-34.84594,-7.97542,"[185903]","[185903]"
-34.84594,-7.97528,"[185904]","[185904]"
-46.83531,-23.21283,"[185907]","[185907]"
-46.84944,-23.20822,"[185908]","[185908]"
-54.78658,-22.22511,"[185965-]","[185965-]"
-53.31997,-23.78353,"[185993]","[185993]"
-47.14911,-22.76667,"[186003]","[186003]"
-47.14881,-22.76703,"[186004]","[186004]"
-37.97067,-4.93567,"[186008]","[186008]"
-37.97078,-4.93594,"[186009]","[186009]"
-46.63058,-23.52444,"[186012]","[186012]"
-46.57269,-23.50561,"[186013]","[186013]"
-45.46622,-22.93425,"[186014]","[186014]"
-51.87597,-23.44308,"[186026]","[186026]"
-51.87339,-23.43961,"[186027]","[186027]"
-51.87289,-23.44539,"[186028]","[186028]"
-51.87311,-23.44542,"[186029]","[186029]"
-49.07683,-26.90533,"[186040]","[186040]"
-47.63358,-20.94300,"[186067]","[186067]"
-48.15739,-19.18083,"[186071]","[186071]"
-47.50606,-20.71403,"[186074]","[186074]"
-46.18144,-23.19847,"[186078]","[186078]"
-47.00417,-22.96669,"[186083]","[186083]"
-40.27622,-20.23531,"[186084]","[186084]"
-40.33164,-20.43583,"[186114]","[186114]"
-56.08433,-15.61161,"[186213]","[186213]"
-38.53042,-3.75961,"[186216]","[186216]"
-46.58206,-23.62200,"[186268]","[186268]"
-54.82531,-22.22947,"[186364]","[186364]"
-44.26544,-2.55781,"[186391]","[186391]"
-46.32136,-23.49439,"[187246]","[187246]"
-46.32094,-23.49433,"[187247]","[187247]"
-37.08344,-10.88578,"[187274]","[187274]"
-38.48375,-3.81039,"[187342]","[187342]"
-38.57719,-3.78911,"[187356]","[187356]"
-38.57683,-3.78869,"[187357]","[187357]"
-47.47864,-23.44283,"[187797]","[187797]"
-49.17075,-22.45094,"[187831]","[187831]"
-46.61031,-23.48994,"[188602]","[188602]"
-45.90903,-23.22506,"[188722]","[188722]"
-45.90875,-23.22506,"[188723]","[188723]"
-45.90047,-23.26039,"[188724]","[188724]"
-43.32367,-22.84186,"[188744]","[188744]"
-46.91828,-23.18333,"[188745]","[188745]"
-46.92889,-23.18414,"[188748]","[188748]"
-39.87603,-18.71600,"[188770]","[188770]"
-39.87347,-18.71667,"[188771]","[188771]"
-53.31386,-23.76106,"[188779]","[188779]"
-53.28358,-23.74836,"[188780]","[188780]"
-53.28308,-23.74825,"[188781]","[188781]"
-48.10489,-15.84378,"[188794]","[188794]"
-47.08711,-22.90881,"[188802]","[188802]"
-34.93039,-7.12600,"[188842]","[188842]"
-46.55214,-21.78728,"[188843]","[188843]"
-46.55250,-21.78722,"[188844]","[188844]"
-47.14286,-22.96769,"[188863]","[188863]"
-48.76433,-22.89747,"[188871]","[188871]"
-46.60936,-23.48783,"[188887-]","[188887-]"
-51.51906,-28.21614,"[188888]","[188888]"
-51.51925,-28.21589,"[188889]","[188889]"
-51.88664,-23.43197,"[188890]","[188890]"
-43.95964,-19.85914,"[188912]","[188912]"
-43.95392,-19.82258,"[188913]","[188913]"
-51.38525,-22.12725,"[188918]","[188918]"
-51.38511,-22.12697,"[188919]","[188919]"
-46.88253,-23.18933,"[188920]","[188920]"
-35.81497,-5.53497,"[188922]","[188922]"
-46.88981,-23.52208,"[188930]","[188930]"
-46.88986,-23.52203,"[188931]","[188931]"
-46.93400,-23.54478,"[188934]","[188934]"
-63.87239,-8.76922,"[188944]","[188944]"
-63.87275,-8.76908,"[188945]","[188945]"
-63.87253,-8.76961,"[188946]","[188946]"
-63.87767,-8.74703,"[188947]","[188947]"
-63.87711,-8.74692,"[188948]","[188948]"
-63.87736,-8.74725,"[188949]","[188949]"
-63.87761,-8.74661,"[188950]","[188950]"
-63.87567,-8.75603,"[188951]","[188951]"
-63.87503,-8.75581,"[188952]","[188952]"
-63.87531,-8.75628,"[188953]","[188953]"
-63.87867,-8.73706,"[188954]","[188954]"
-63.89942,-8.75947,"[188955]","[188955]"
-63.87856,-8.73772,"[188956]","[188956]"
-63.89853,-8.75261,"[188957]","[188957]"
-63.89822,-8.75281,"[188958]","[188958]"
-63.90739,-8.76000,"[188959]","[188959]"
-63.90689,-8.76014,"[188960]","[188960]"
-63.90708,-8.75969,"[188961]","[188961]"
-34.85692,-7.98222,"[188976]","[188976]"
-34.87861,-7.94006,"[188977]","[188977]"
-34.85586,-7.98256,"[188978]","[188978]"
-34.87886,-7.94011,"[189010]","[189010]"
-43.36781,-22.92669,"[189058]","[189058]"
-51.51914,-28.21589,"[189060]","[189060]"
-51.51917,-28.21606,"[189061]","[189061]"
-51.53119,-28.21189,"[189064]","[189064]"
-51.53081,-28.21175,"[189065]","[189065]"
-51.53119,-28.21181,"[189066]","[189066]"
-51.53069,-28.21189,"[189067]","[189067]"
-45.56019,-23.02881,"[189078-]","[189078-]"
-38.49678,-3.81867,"[189094]","[189094]"
-48.66789,-27.64581,"[189110]","[189110]"
-40.27608,-20.23472,"[189216]","[189216]"
-38.49192,-3.74292,"[189223]","[189223]"
-54.80625,-22.24214,"[189242]","[189242]"
-45.88447,-23.17436,"[189317]","[189317]"
-47.16589,-22.75392,"[189380]","[189380]"
-47.16614,-22.75397,"[189381]","[189381]"
-47.48428,-23.45361,"[189383]","[189383]"
-47.94478,-19.77750,"[189536]","[189536]"
-47.93414,-19.74964,"[189537]","[189537]"
-47.93214,-19.75042,"[189538]","[189538]"
-46.61519,-23.50389,"[189539]","[189539]"
-34.87683,-8.03897,"[189577]","[189577]"
-43.49194,-23.02058,"[189592]","[189592]"
-43.49197,-23.02086,"[189593]","[189593]"
-43.11183,-22.89839,"[189599]","[189599]"
-43.11169,-22.89833,"[189600]","[189600]"
-47.46561,-23.51569,"[189602]","[189602]"
-44.30331,-2.50981,"[189604]","[189604]"
-44.30367,-2.51086,"[189605]","[189605]"
-44.30347,-2.51069,"[189606]","[189606]"
-44.30378,-2.51183,"[189607]","[189607]"
-63.87886,-8.73753,"[190172]","[190172]"
-63.87839,-8.73731,"[190173-]","[190173-]"
-42.05044,-22.88858,"[190350]","[190350]"
-60.67983,2.81792,"[190360]","[190360]"
-50.41006,-27.42758,"[190383]","[190383]"
-49.27786,-16.74267,"[190385]","[190385]"
-38.55547,-3.81181,"[190778]","[190778]"
-38.55542,-3.81200,"[190779]","[190779]"
-49.20119,-25.53661,"[190780]","[190780]"
-34.85917,-8.01269,"[191028]","[191028]"
-34.85928,-8.01231,"[191029]","[191029]"
-43.24258,-22.91514,"[191034]","[191034]"
-43.93497,-19.85386,"[191045]","[191045]"
-49.05667,-26.48286,"[191053]","[191053]"
-49.05667,-26.48308,"[191054]","[191054]"
-51.16503,-23.30344,"[191060]","[191060]"
-52.46125,-23.08869,"[191065]","[191065]"
-53.44456,-24.93583,"[191067]","[191067]"
-51.46417,-25.39658,"[191183-]","[191183-]"
-46.33744,-23.95344,"[191191]","[191191]"
-53.32325,-23.77972,"[191192-]","[191192-]"
-48.47108,-1.44839,"[191205]","[191205]"
-48.47367,-1.44836,"[191206]","[191206]"
-43.18097,-22.91328,"[191287-]","[191287-]"
-43.17733,-22.90597,"[191294]","[191294]"
-43.17403,-22.90492,"[191296]","[191296]"
-43.18461,-22.90281,"[191301]","[191301]"
-43.18194,-22.90194,"[191302]","[191302]"
-43.18247,-22.94544,"[191316]","[191316]"
-43.18206,-22.94811,"[191317]","[191317]"
-43.17942,-22.94142,"[191318]","[191318]"
-43.18286,-22.95092,"[191319]","[191319]"
-51.42600,-23.42603,"[191320]","[191320]"
-51.42361,-23.42597,"[191321]","[191321]"
-42.04989,-22.88889,"[191333]","[191333]"
-43.39647,-22.96650,"[191337]","[191337]"
-43.39739,-22.96747,"[191338]","[191338]"
-43.39642,-22.96589,"[191339]","[191339]"
-43.39444,-22.96408,"[191340]","[191340]"
-34.86256,-8.02403,"[191344-]","[191344-]"
-53.76256,-24.71506,"[191348]","[191348]"
-43.90000,-22.63075,"[191350]","[191350]"
-43.65669,-22.64600,"[191351]","[191351]"
-53.73608,-24.73178,"[191353-]","[191353-]"
-43.28489,-22.81897,"[191366]","[191366]"
-43.20031,-22.91261,"[191457]","[191457]"
-43.19914,-22.91233,"[191458]","[191458]"
-43.18964,-22.90928,"[191459]","[191459]"
-34.84200,-8.00833,"[191477]","[191477]"
-34.84194,-8.00808,"[191478]","[191478]"
-34.84003,-8.00056,"[191479]","[191479]"
-34.84000,-8.00022,"[191480]","[191480]"
-49.24697,-25.48489,"[191481]","[191481]"
-49.24469,-25.48419,"[191482]","[191482]"
-37.08328,-10.88550,"[191486]","[191486]"
-43.94439,-19.91900,"[191487]","[191487]"
-43.94231,-19.92197,"[191488]","[191488]"
-43.94261,-19.92158,"[191489]","[191489]"
-41.78175,-22.39397,"[191496]","[191496]"
-43.19025,-22.97669,"[191497]","[191497]"
-43.20789,-22.98411,"[191502]","[191502]"
-53.43828,-24.94597,"[191518]","[191518]"
-34.83950,-7.99222,"[191520]","[191520]"
-34.83953,-7.99186,"[191521-]","[191521-]"
-46.53169,-23.66406,"[191529]","[191529]"
-43.37256,-22.93425,"[191533]","[191533]"
-43.37236,-22.93406,"[191535]","[191535]"
-43.37406,-22.92653,"[191536]","[191536]"
-43.35347,-23.00064,"[191545]","[191545]"
-43.30142,-22.84494,"[191550]","[191550]"
-43.30167,-22.84506,"[191551]","[191551]"
-42.52656,-22.29550,"[191558]","[191558]"
-38.49428,-3.84256,"[191579]","[191579]"
-46.53339,-23.73756,"[191580]","[191580]"
-43.25781,-22.83694,"[191586]","[191586]"
-35.78011,-9.56081,"S","[191599]"
-34.89225,-7.92261,"[191600]","[191600]"
-43.92953,-19.88606,"[191738]","[191738]"
-43.92931,-19.88581,"[191739]","[191739]"
-51.15258,-23.32683,"[191742]","[191742]"
-45.89217,-23.27325,"[191743]","[191743]"
-45.89206,-23.27383,"[191744]","[191744]"
-46.55339,-23.70361,"[191746]","[191746]"
-52.61297,-23.65111,"[191751]","[191751]"
-52.61389,-23.65511,"[191752]","[191752]"
-46.50586,-23.69958,"[191760]","[191760]"
-43.98289,-19.90900,"[191761]","[191761]"
-43.98339,-19.90781,"[191762]","[191762]"
-43.98200,-19.91064,"[191763]","[191763]"
-34.89206,-8.00094,"[191764]","[191764]"
-34.89164,-8.00117,"[191765-]","[191765-]"
-51.43022,-23.40953,"[191767]","[191767]"
-51.43278,-23.41186,"[191768]","[191768]"
-51.43694,-23.40908,"[191769]","[191769]"
-51.44911,-23.39117,"[191770]","[191770]"
-45.81167,-23.17806,"[191774]","[191774]"
-43.94350,-19.91642,"[191778]","[191778]"
-43.96231,-19.90833,"[191779-]","[191779-]"
-43.93583,-19.84081,"[191781]","[191781]"
-43.93450,-19.84214,"[191782]","[191782]"
-46.80133,-23.74214,"[191783]","[191783]"
-34.89914,-8.07750,"[191785-]","[191785-]"
-43.35764,-21.74475,"[191787]","[191787]"
-43.27606,-22.90706,"[191788-]","[191788-]"
-43.22456,-22.98472,"[191791]","[191791]"
-43.22558,-22.98503,"[191792-]","[191792-]"
-43.22050,-22.98392,"[191793]","[191793]"
-43.22211,-22.98417,"[191794-]","[191794-]"
-43.21747,-22.98369,"[191795]","[191795]"
-43.21858,-22.98372,"[191796-]","[191796-]"
-43.22075,-22.98506,"[191797-]","[191797-]"
-43.21831,-22.98481,"[191798]","[191798]"
-43.22389,-22.98569,"[191799-]","[191799-]"
-43.22308,-22.98550,"[191800]","[191800]"
-53.43803,-24.94619,"[191801]","[191801]"
-43.27072,-22.82983,"[191813]","[191813]"
-43.25911,-22.83647,"[191814]","[191814]"
-43.93472,-19.91761,"[191821]","[191821]"
-43.96767,-19.80914,"[191826]","[191826]"
-43.19950,-22.95792,"[191829]","[191829]"
-43.19728,-22.95431,"[191830]","[191830]"
-43.19781,-22.95511,"[191831]","[191831]"
-43.18681,-22.94944,"[191833]","[191833]"
-43.19419,-22.95489,"[191835]","[191835]"
-43.19756,-22.95606,"[191836-]","[191836-]"
-43.19167,-22.95400,"[191837]","[191837]"
-43.19433,-22.95125,"[191838]","[191838]"
-43.18847,-22.95286,"[191839]","[191839]"
-43.23939,-22.91450,"[191840]","[191840]"
-43.21867,-22.91878,"[191842]","[191842]"
-43.24464,-22.91553,"[191843]","[191843]"
-43.23736,-22.91403,"[191844]","[191844]"
-46.49850,-23.65639,"[191851]","[191851]"
-43.95650,-19.81372,"[191875]","[191875]"
-43.95328,-19.81728,"[191876]","[191876]"
-43.95386,-19.81631,"[191877]","[191877]"
-43.95219,-19.81886,"[191878]","[191878]"
-41.29908,-21.79711,"[191882]","[191882]"
-51.07500,-30.10017,"[191896]","[191896]"
-42.80750,-5.08881,"[191904]","[191904]"
-42.80378,-5.08678,"[191905]","[191905]"
-42.80011,-5.08525,"[191906]","[191906]"
-52.46444,-23.09028,"[191947]","[191947]"
-43.27242,-22.82872,"[191972]","[191972]"
-43.31269,-22.81989,"[191975]","[191975]"
-43.19219,-22.90575,"[192088]","[192088]"
-43.20025,-22.98450,"[192090]","[192090]"
-43.20536,-22.98422,"[192091]","[192091]"
-43.19831,-22.98569,"[192092]","[192092]"
-43.20569,-22.98531,"[192093]","[192093]"
-43.20136,-22.98553,"[192094]","[192094]"
-48.48600,-1.45706,"[192098]","[192098]"
-43.25831,-22.91700,"[192100]","[192100]"
-43.25942,-22.92017,"[192102]","[192102]"
-43.24922,-22.91828,"[192103]","[192103]"
-43.25747,-22.90364,"[192105]","[192105]"
-43.26019,-22.91703,"[192106]","[192106]"
-43.25550,-22.91944,"[192109]","[192109]"
-43.25300,-22.91897,"[192114-]","[192114-]"
-43.23692,-22.88350,"[192134]","[192134]"
-43.24750,-22.86681,"[192135]","[192135]"
-43.24800,-22.86489,"[192139]","[192139]"
-43.18872,-22.90431,"[192140]","[192140]"
-43.18725,-22.90367,"[192141]","[192141]"
-43.18719,-22.90381,"[192142]","[192142]"
-43.18881,-22.90417,"[192143]","[192143]"
-43.19081,-22.90481,"[192144]","[192144]"
-43.19844,-22.90769,"[192147]","[192147]"
-43.19058,-22.97783,"[192148]","[192148]"
-43.19103,-22.98228,"[192149]","[192149]"
-43.19067,-22.98364,"[192151]","[192151]"
-43.19106,-22.97978,"[192152]","[192152]"
-43.24778,-22.86150,"[192173]","[192173]"
-43.24792,-22.85961,"[192176]","[192176]"
-43.24386,-22.87428,"[192178]","[192178]"
-43.21289,-22.98381,"[192179]","[192179]"
-43.23603,-22.88417,"[192181]","[192181]"
-43.24933,-22.90289,"[192182-]","[192182-]"
-43.25261,-22.90181,"[192183-]","[192183-]"
-43.24719,-22.91600,"[193840]","[193840]"
-43.95322,-19.91406,"[193841]","[193841]"
-48.48072,-1.45644,"[193844]","[193844]"
-49.06728,-26.92092,"[193845]","[193845]"
-49.07003,-26.91239,"[193846]","[193846]"
-43.95511,-19.91197,"[193974]","[193974]"
-44.00497,-19.97753,"[193977]","[193977]"
-49.24653,-16.82267,"[193995]","[193995]"
-49.25039,-16.75831,"[193996]","[193996]"
-49.25061,-16.75792,"[193997]","[193997]"
-49.25294,-16.75875,"[193998]","[193998]"
-49.25325,-16.75872,"[193999]","[193999]"
-49.25356,-16.75908,"[194000]","[194000]"
-49.27536,-16.74128,"[194025]","[194025]"
-49.27575,-16.74161,"[194026]","[194026]"
-49.29303,-16.82083,"[194032]","[194032]"
-49.30833,-25.47711,"[194038]","[194038]"
-49.86858,-6.08756,"[194079]","[194079]"
-49.86928,-6.08747,"[194080]","[194080]"
-50.11981,-22.33089,"[194095]","[194095]"
-50.14136,-25.09119,"[194097]","[194097]"
-50.15578,-25.07833,"[194101]","[194101]"
-50.15717,-25.09267,"[194102]","[194102]"
-50.16078,-25.09250,"[194105]","[194105]"
-50.17867,-25.08572,"[194106]","[194106]"
-50.92928,-17.79386,"[194116]","[194116]"
-51.08572,-26.23203,"[194135]","[194135]"
-51.08678,-26.23292,"[194136]","[194136]"
-51.08864,-26.22836,"[194138]","[194138]"
-51.08867,-26.23378,"[194139]","[194139]"
-51.14831,-29.76078,"[194158]","[194158]"
-51.23700,-22.14333,"[194164]","[194164]"
-51.43200,-23.40858,"[194170]","[194170]"
-51.43247,-23.40939,"[194171]","[194171]"
-51.43347,-23.40853,"[194172]","[194172]"
-51.43650,-23.41208,"[194173]","[194173]"
-51.44133,-23.40228,"[194174]","[194174]"
-51.44169,-23.40864,"[194175]","[194175]"
-51.44733,-23.40825,"[194176]","[194176]"
-51.90964,-23.42036,"[194188]","[194188]"
-51.92594,-23.41500,"[194195]","[194195]"
-51.92600,-23.41472,"[194196]","[194196]"
-51.93233,-23.41250,"[194198]","[194198]"
-51.94786,-23.40431,"[194202]","[194202]"
-51.95653,-23.41644,"[194206]","[194206]"
-51.95667,-23.41669,"[194207]","[194207]"
-51.96689,-29.45397,"[194208]","[194208]"
-52.04931,-23.54778,"[194212]","[194212]"
-52.43936,-23.07650,"[194226]","[194226]"
-52.45283,-23.08458,"[194227]","[194227]"
-52.45661,-23.08147,"[194228]","[194228]"
-52.45761,-23.06753,"[194229]","[194229]"
-52.46508,-23.07014,"[194230]","[194230]"
-52.46736,-23.07142,"[194231]","[194231]"
-53.05508,-26.06922,"[194291]","[194291]"
-53.05519,-26.06889,"[194292]","[194292]"
-53.30564,-23.76053,"[194303]","[194303]"
-53.31322,-23.75808,"[194304]","[194304]"
-53.31633,-23.75961,"[194305]","[194305]"
-53.31664,-23.75978,"[194306]","[194306]"
-53.31844,-23.76361,"[194307]","[194307]"
-53.47533,-24.95117,"[194310]","[194310]"
-53.49331,-24.95336,"[194311]","[194311]"
-53.49861,-28.28631,"[194313]","[194313]"
-53.49886,-28.28664,"[194314]","[194314]"
-53.50344,-28.30150,"[194315]","[194315]"
-53.73583,-24.71994,"[194319]","[194319]"
-53.73606,-24.72011,"[194320]","[194320]"
-54.76908,-22.22319,"[194327]","[194327]"
-54.80736,-22.23239,"[194328]","[194328]"
-54.80750,-22.23136,"[194329]","[194329]"
-54.80881,-22.23536,"[194330]","[194330]"
-56.10242,-15.60067,"[194358]","[194358]"
-56.10286,-15.60078,"[194359]","[194359]"
-56.10453,-15.61433,"[194362]","[194362]"
-56.10522,-15.61453,"[194363]","[194363]"
-56.10528,-15.64047,"[194364]","[194364]"
-56.12678,-15.65011,"[194369]","[194369]"
-56.12717,-15.65000,"[194370]","[194370]"
-56.12692,-15.64981,"[194371]","[194371]"
-56.12700,-15.65031,"[194372]","[194372]"
-56.12947,-15.64886,"[194375]","[194375]"
-56.12994,-15.64869,"[194377]","[194377]"
-56.12989,-15.64889,"[194378]","[194378]"
-56.13067,-15.64831,"[194379]","[194379]"
-56.13075,-15.64792,"[194380]","[194380]"
-56.13094,-15.64853,"[194381]","[194381]"
-56.13114,-15.64825,"[194384]","[194384]"
-56.13625,-15.64858,"[194400]","[194400]"
-56.13636,-15.64883,"[194401]","[194401]"
-56.13653,-15.64797,"[194402]","[194402]"
-56.17042,-15.66283,"[194423]","[194423]"
-56.17139,-15.66342,"[194428]","[194428]"
-60.66972,2.83389,"[194544]","[194544]"
-60.67044,2.81808,"[194545]","[194545]"
-60.68667,2.80464,"[194546]","[194546]"
-60.68697,2.83283,"[194547]","[194547]"
-60.71286,2.81853,"[194552]","[194552]"
-60.71300,2.82742,"[194553]","[194553]"
-60.71778,2.77489,"[194554]","[194554]"
-60.71944,2.83342,"[194555]","[194555]"
-60.72769,2.83056,"[194557]","[194557]"
-60.73997,2.81689,"[194560]","[194560]"
-60.74086,2.84053,"[194561]","[194561]"
-60.74506,2.79808,"[194562]","[194562]"
-60.74539,2.80503,"[194563]","[194563]"
-60.75311,2.81017,"[194564]","[194564]"
-60.75717,2.80464,"[194565]","[194565]"
-43.20961,-22.96286,"[194978]","[194978]"
-43.20992,-22.96292,"[194979]","[194979]"
-38.61619,-3.75825,"[195160]","[195160]"
-52.42914,-23.06961,"[195161]","[195161]"
-43.35269,-22.95758,"[195167]","[195167]"
-63.84539,-8.75606,"[195171]","[195171]"
-63.84522,-8.75661,"[195172-]","[195172-]"
-63.84567,-8.75633,"[195173-]","[195173-]"
-63.84389,-8.76267,"[195174]","[195174]"
-63.84381,-8.76306,"[195175-]","[195175-]"
-63.86164,-8.75992,"[195177]","[195177]"
-63.86122,-8.75997,"[195178-]","[195178-]"
-63.86136,-8.75961,"[195179-]","[195179-]"
-48.20400,-7.20292,"[195240]","[195240]"
-48.20353,-7.20278,"[195241]","[195241]"
-38.23764,-4.13419,"[195243]","[195243]"
-34.89008,-8.01489,"[195245-]","[195245-]"
-52.40203,-28.26150,"[195246]","[195246]"
-43.17333,-22.90589,"[195248]","[195248]"
-48.47239,-1.45631,"[195250]","[195250]"
-35.88769,-7.24425,"[195256]","[195256]"
-43.46353,-23.01411,"[195260]","[195260]"
-63.87978,-8.76650,"[195320]","[195320]"
-63.88361,-8.76733,"[195321-]","[195321-]"
-43.95100,-19.88214,"[195322]","[195322]"
-43.95053,-19.88383,"[195323]","[195323]"
-43.95067,-19.88381,"[195324-]","[195324-]"
-43.95067,-19.88372,"[195325-]","[195325-]"
-43.95081,-19.88369,"[195326]","[195326]"
-63.88911,-8.76183,"[195329]","[195329]"
-63.88886,-8.76147,"[195330]","[195330]"
-63.88875,-8.76189,"[195331]","[195331]"
-43.92886,-19.89053,"[195355-]","[195355-]"
-43.92864,-19.89086,"[195356-]","[195356-]"
-51.91897,-23.41731,"[195368-]","[195368-]"
-44.23972,-19.46256,"[195374-]","[195374-]"
-43.30414,-23.00467,"[195443]","[195443]"
-63.89500,-8.79344,"[195454]","[195454]"
-63.89492,-8.79397,"[195455-]","[195455-]"
-63.89467,-8.79361,"[195456]","[195456]"
-35.97281,-8.28719,"[195473]","[195473]"
-35.97253,-8.28739,"[195474]","[195474]"
-43.93222,-19.93606,"[195475]","[195475]"
-43.18869,-22.97369,"[195477]","[195477]"
-49.28286,-25.44244,"[195511]","[195511]"
-49.27617,-25.44489,"[195513]","[195513]"
-48.06192,-22.56492,"[195518]","[195518]"
-43.25069,-22.84311,"[195522]","[195522]"
-43.24767,-22.85208,"[195525]","[195525]"
-38.52589,-3.74167,"[195540]","[195540]"
-38.52600,-3.74153,"[195541-]","[195541-]"
-38.52494,-3.74008,"[195542]","[195542]"
-38.52489,-3.74028,"[195543]","[195543]"
-38.52481,-3.74728,"[195544-]","[195544-]"
-38.52542,-3.74481,"[195545]","[195545]"
-38.52561,-3.74472,"[195546-]","[195546-]"
-38.52364,-3.74997,"[195547]","[195547]"
-38.52383,-3.74986,"[195548]","[195548]"
-46.50850,-23.45014,"[195550]","[195550]"
-46.50853,-23.45067,"[195551]","[195551]"
-51.88825,-23.43175,"[195552-]","[195552-]"
-43.96669,-19.83950,"[195574-]","[195574-]"
-43.96672,-19.83936,"[195575-]","[195575-]"
-43.96761,-19.84125,"[195576-]","[195576-]"
-43.96769,-19.84111,"[195577-]","[195577-]"
-46.59678,-23.55583,"[195582-]","[195582-]"
-46.51075,-23.46783,"[195585]","[195585]"
-46.51092,-23.46803,"[195586]","[195586]"
-47.39631,-22.76094,"[195593]","[195593]"
-46.57053,-21.78706,"[195602]","[195602]"
-43.17694,-22.90817,"[195643]","[195643]"
-43.20333,-22.98542,"[195646]","[195646]"
-43.22106,-22.91997,"[195647]","[195647]"
-43.26644,-22.83242,"[195649]","[195649]"
-43.28178,-22.83986,"[195650]","[195650]"
-43.28328,-22.82000,"[195651]","[195651]"
-43.29064,-22.81525,"[195654]","[195654]"
-43.29308,-22.81481,"[195655]","[195655]"
-43.42353,-22.98069,"[195659]","[195659]"
-43.42358,-22.98081,"[195660]","[195660]"
-43.93881,-19.92422,"[195667]","[195667]"
-43.93856,-19.92444,"[195668]","[195668]"
-43.93986,-19.92411,"[195669]","[195669]"
-43.94006,-19.92389,"[195670]","[195670]"
-48.35447,-1.36533,"[195682]","[195682]"
-48.35472,-1.36561,"[195683]","[195683]"
-48.47572,-1.45647,"[195684]","[195684]"
-34.83750,-7.98242,"[195689]","[195689]"
-34.83756,-7.98258,"[195690]","[195690]"
-34.83750,-7.98253,"[195691]","[195691]"
-34.83694,-7.97967,"[195692]","[195692]"
-38.23861,-4.13400,"[195712]","[195712]"
-38.23803,-4.13419,"[195713]","[195713]"
-38.23817,-4.13403,"[195714]","[195714]"
-43.96253,-19.83025,"[195720]","[195720]"
-43.96242,-19.83083,"[195721]","[195721]"
-43.93106,-19.90308,"[196063-]","[196063-]"
-43.93094,-19.90311,"[196064-]","[196064-]"
-43.93194,-19.90342,"[196065]","[196065]"
-38.23814,-4.12889,"[196068]","[196068]"
-38.24003,-4.12803,"[196069]","[196069]"
-46.62197,-23.49642,"[196082-]","[196082-]"
-47.14992,-22.76514,"[196101]","[196101]"
-56.13650,-15.64881,"[196268]","[196268]"
-48.26861,-18.88258,"[196363]","[196363]"
-48.26897,-18.88242,"[196365]","[196365]"
-43.91306,-19.87972,"[196590-]","[196590-]"
-43.91319,-19.88031,"[196591-]","[196591-]"
-38.53075,-3.75944,"[196790]","[196790]"
-46.52022,-23.45317,"[199118]","[199118]"
-46.92550,-23.60478,"[199488]","[199488]"
-46.92583,-23.60503,"[199489]","[199489]"
-46.96653,-22.44053,"[199507]","[199507]"
-46.96669,-22.44064,"[199508-]","[199508-]"
-46.96672,-22.44050,"[199509-]","[199509-]"
-46.96650,-22.44078,"[199510-]","[199510-]"
-47.14697,-22.96800,"[199535]","[199535]"
-47.14725,-22.96811,"[199536]","[199536]"
-47.15858,-22.75936,"[199569]","[199569]"
-47.21042,-22.87333,"[199575]","[199575]"
-47.26547,-22.81847,"[199579]","[199579]"
-47.35775,-22.73567,"[199587]","[199587]"
-47.35778,-22.73575,"[199588]","[199588]"
-47.37722,-22.35039,"[199589]","[199589]"
-48.40714,-1.34319,"[199693]","[199693]"
-48.40739,-1.34328,"[199694]","[199694]"
-48.46164,-1.42931,"[199711]","[199711]"
-48.46178,-1.42997,"[199712]","[199712]"
-48.47586,-1.45183,"[199713]","[199713]"
-48.62433,-17.73508,"[199714]","[199714]"
-48.94053,-16.34400,"[199742]","[199742]"
-48.95064,-16.33053,"[199744]","[199744]"
-48.95056,-16.33017,"[199745]","[199745]"
-48.96708,-16.29408,"[199748]","[199748]"
-49.06103,-26.92364,"[199759]","[199759]"
-49.06081,-26.92378,"[199760]","[199760]"
-54.80772,-22.24400,"[199787]","[199787]"
-54.81325,-22.21689,"[199788]","[199788]"
-46.40653,-23.43289,"[202150]","[202150]"
-39.02508,-4.96853,"[202410]","[202410]"
-40.33119,-20.34689,"[202434]","[202434]"
-40.33136,-20.34728,"[202435]","[202435]"
-40.49283,-9.38767,"[202447]","[202447]"
-42.76553,-5.10575,"[202497]","[202497]"
-42.83839,-5.00281,"[202501]","[202501]"
-42.83864,-5.00256,"[202502]","[202502]"
-43.24106,-22.83900,"[202517]","[202517]"
-43.25600,-22.99603,"[202518]","[202518]"
-43.25617,-22.99631,"[202519]","[202519]"
-43.26881,-22.84431,"[202520]","[202520]"
-43.26894,-22.84428,"[202521]","[202521]"
-43.27469,-22.84167,"[202522]","[202522]"
-43.27525,-22.84189,"[202523]","[202523]"
-43.28792,-22.83644,"[202524]","[202524]"
-43.29878,-23.00861,"[202525]","[202525]"
-43.35533,-22.90200,"[202528]","[202528]"
-43.35531,-22.90222,"[202529]","[202529]"
-43.36769,-22.91964,"[202530]","[202530]"
-43.96122,-19.94956,"[202568]","[202568]"
-43.96128,-19.94944,"[202569]","[202569]"
-43.96611,-19.84206,"[202570]","[202570]"
-43.96603,-19.84194,"[202571-]","[202571-]"
-43.96631,-19.84433,"[202572]","[202572]"
-43.96647,-19.84436,"[202573-]","[202573-]"
-43.97161,-19.93156,"[202574]","[202574]"
-43.97172,-19.93144,"[202575]","[202575]"
-43.98883,-19.93211,"[202576]","[202576]"
-43.98883,-19.93225,"[202577]","[202577]"
-44.22583,-2.51992,"[202591]","[202591]"
-44.22592,-2.51978,"[202592]","[202592]"
-44.23303,-2.56956,"[202594-]","[202594-]"
-44.23297,-2.56928,"[202595]","[202595]"
-44.57956,-20.08306,"[202610]","[202610]"
-44.57969,-20.08289,"[202611]","[202611]"
-44.57989,-20.07614,"[202612]","[202612]"
-44.58003,-20.07600,"[202613]","[202613]"
-44.58158,-20.07883,"[202614]","[202614]"
-44.60569,-20.09236,"[202622]","[202622]"
-44.60575,-20.09253,"[202623]","[202623]"
-44.60597,-20.09250,"[202624]","[202624]"
-45.47086,-22.92639,"[202658]","[202658]"
-45.47061,-22.92694,"[202659]","[202659]"
-45.55411,-23.02478,"[202665]","[202665]"
-45.57203,-23.02000,"[202666]","[202666]"
-45.57211,-23.01958,"[202667]","[202667]"
-46.19242,-23.53819,"[202711]","[202711]"
-46.39322,-23.69100,"[202739]","[202739]"
-46.51433,-23.66767,"[202749]","[202749]"
-46.55189,-23.69939,"[202762]","[202762]"
-46.55339,-23.69722,"[202763]","[202763]"
-46.55317,-22.93686,"[202764]","[202764]"
-46.55292,-22.93689,"[202765]","[202765]"
-46.55564,-23.62686,"[202767]","[202767]"
-46.57650,-23.61319,"[202778]","[202778]"
-46.59192,-23.66617,"[202786]","[202786]"
-46.59522,-23.68922,"[202788]","[202788]"
-46.59558,-23.68914,"[202790]","[202790]"
-46.61450,-23.67533,"[202796]","[202796]"
-46.61464,-23.67744,"[202797]","[202797]"
-46.62003,-23.66692,"[202800]","[202800]"
-46.77428,-22.70739,"[202807]","[202807]"
-51.28147,-23.27725,"[202944]","[202944]"
-34.82242,-7.92811,"[202966]","[202966]"
-34.82244,-7.92831,"[202967]","[202967]"
-34.84589,-7.99939,"[203003]","[203003]"
-34.84592,-7.99953,"[203004]","[203004]"
-34.84656,-8.00147,"[203005]","[203005]"
-34.84658,-8.00122,"[203006]","[203006]"
-34.84661,-8.00131,"[203007]","[203007]"
-34.84761,-7.11464,"[203008]","[203008]"
-34.84764,-7.11453,"[203009]","[203009]"
-34.84967,-7.95717,"[203010]","[203010]"
-34.84975,-7.95711,"[203011]","[203011]"
-34.85522,-7.11556,"[203013]","[203013]"
-34.85533,-7.11544,"[203014]","[203014]"
-34.89975,-8.05689,"[203023]","[203023]"
-34.99172,-8.02250,"[203037]","[203037]"
-34.99897,-8.10850,"[203038]","[203038]"
-34.99936,-8.10842,"[203039]","[203039]"
-35.20492,-5.79769,"[203044]","[203044]"
-38.49833,-3.72636,"[203194]","[203194]"
-38.49850,-3.72642,"[203195]","[203195]"
-38.54469,-3.73183,"[203204]","[203204]"
-38.54506,-3.73144,"[203205]","[203205]"
-38.54486,-3.73147,"[203207]","[203207]"
-38.55739,-3.75669,"[203213]","[203213]"
-38.55753,-3.75692,"[203215]","[203215]"
-38.57464,-3.77503,"[203218]","[203218]"
-38.57472,-3.77517,"[203219]","[203219]"
-38.57989,-3.78400,"[203223]","[203223]"
-38.57997,-3.78419,"[203224]","[203224]"
-38.58283,-3.78436,"[203225]","[203225]"
-38.58297,-3.78461,"[203226]","[203226]"
-38.58411,-3.73533,"[203229]","[203229]"
-38.58422,-3.73517,"[203230]","[203230]"
-38.59378,-3.75594,"[203234]","[203234]"
-38.59403,-3.75594,"[203235]","[203235]"
-38.97342,-12.26214,"[203249]","[203249]"
-38.97375,-12.26236,"[203250]","[203250]"
-53.47494,-24.94908,"[203400-]","[203400-]"
-47.15078,-22.76447,"[203523]","[203523]"
-47.15806,-22.75953,"[203524]","[203524]"
-43.41714,-22.98947,"[203544]","[203544]"
-63.89978,-8.75967,"[203545]","[203545]"
-43.19239,-22.98178,"[203602]","[203602]"
-43.19233,-22.97581,"[203603]","[203603]"
-43.19214,-22.98256,"[203604]","[203604]"
-43.22250,-22.92081,"[203610]","[203610]"
-43.17939,-22.90647,"[203643]","[203643]"
-38.53128,-3.72844,"[203646]","[203646]"
-51.95628,-23.43881,"[203693]","[203693]"
-51.93581,-23.41128,"[203716-]","[203716-]"
-46.72342,-21.30519,"[203717]","[203717]"
-38.53711,-3.73469,"[203726]","[203726]"
-38.53608,-3.73500,"[203727]","[203727]"
-38.53439,-3.73547,"[203729]","[203729]"
-38.53942,-3.73383,"[203730]","[203730]"
-38.53833,-3.73442,"[203731]","[203731]"
-38.53964,-3.73386,"[203734]","[203734]"
-38.54033,-3.73361,"[203736]","[203736]"
-38.54061,-3.73353,"[203737]","[203737]"
-38.53497,-3.73533,"[203739-]","[203739-]"
-38.53747,-3.73469,"[203740]","[203740]"
-38.54217,-3.73303,"[203742]","[203742]"
-47.16103,-22.75719,"[203746-]","[203746-]"
-48.21525,-7.19428,"[203880]","[203880]"
-38.53300,-3.73606,"[203883]","[203883]"
-38.53408,-3.73567,"[203884]","[203884]"
-38.52847,-3.73750,"[203885]","[203885]"
-38.52919,-3.73733,"[203886-]","[203886-]"
-38.53011,-3.73708,"[203887]","[203887]"
-38.53219,-3.73639,"[203888]","[203888]"
-38.52603,-3.73822,"[203889]","[203889]"
-38.52697,-3.73792,"[203890]","[203890]"
-38.52758,-3.73772,"[203891]","[203891]"
-38.53369,-3.73569,"[203892]","[203892]"
-38.53250,-3.73269,"[203893]","[203893]"
-38.53156,-3.72942,"[203894]","[203894]"
-38.53192,-3.73069,"[203895]","[203895]"
-38.53222,-3.73169,"[203896]","[203896]"
-38.52900,-3.73728,"[203897]","[203897]"
-38.52814,-3.73744,"[203898]","[203898]"
-38.52750,-3.73764,"[203899]","[203899]"
-38.52683,-3.73783,"[203900]","[203900]"
-38.53175,-3.73642,"[203901]","[203901]"
-38.53108,-3.73664,"[203902]","[203902]"
-38.53058,-3.73681,"[203903]","[203903]"
-38.52978,-3.73708,"[203904]","[203904]"
-43.27006,-22.90719,"[203905]","[203905]"
-43.27000,-22.90917,"[203906]","[203906]"
-43.26981,-22.90461,"[203907]","[203907]"
-43.25614,-22.91694,"[203912]","[203912]"
-44.28275,-2.49936,"[204041]","[204041]"
-40.83650,-14.85553,"[204072]","[204072]"
-39.87347,-18.64881,"[204088]","[204088]"
-34.92908,-7.12608,"[204089]","[204089]"
-43.18361,-22.91278,"[204091]","[204091]"
-43.22853,-22.91631,"[204126]","[204126]"
-43.23319,-22.91461,"[204127]","[204127]"
-43.18722,-22.96958,"[204153]","[204153]"
-46.67683,-23.54775,"[204257]","[204257]"
-43.18694,-22.91219,"[204288]","[204288]"
-43.21053,-22.91581,"[204290]","[204290]"
-43.96917,-19.84244,"[204301]","[204301]"
-53.46417,-24.95189,"[204309]","[204309]"
-43.96661,-19.90025,"[204317]","[204317]"
-43.26664,-22.91264,"[204323]","[204323]"
-38.50517,-3.74461,"[204324]","[204324]"
-38.50603,-3.74433,"[204325]","[204325]"
-38.50706,-3.74403,"[204326]","[204326]"
-38.50822,-3.74367,"[204327]","[204327]"
-38.50122,-3.74583,"[204328]","[204328]"
-38.50217,-3.74553,"[204329]","[204329]"
-38.50311,-3.74522,"[204330]","[204330]"
-38.50419,-3.74489,"[204331]","[204331]"
-38.49833,-3.74672,"[204332]","[204332]"
-38.49922,-3.74644,"[204333]","[204333]"
-38.50017,-3.74614,"[204334]","[204334]"
-38.52308,-3.73881,"[204344]","[204344]"
-38.51883,-3.74033,"[204345]","[204345]"
-38.51997,-3.73997,"[204346]","[204346]"
-38.52111,-3.73961,"[204347]","[204347]"
-38.52208,-3.73931,"[204348]","[204348]"
-38.51461,-3.74167,"[204349]","[204349]"
-38.51556,-3.74139,"[204350]","[204350]"
-38.51681,-3.74097,"[204351]","[204351]"
-38.51128,-3.74272,"[204352]","[204352]"
-48.33278,-10.21744,"[204395]","[204395]"
-43.18281,-22.96669,"[204401]","[204401]"
-43.18131,-22.96575,"[204402]","[204402]"
-43.18011,-22.96494,"[204403]","[204403]"
-48.33408,-10.18092,"[204451]","[204451]"
-38.49508,-3.74775,"[204457]","[204457]"
-38.49619,-3.74736,"[204458]","[204458]"
-38.49678,-3.81883,"[204462]","[204462]"
-46.65200,-23.56511,"[204468-]","[204468-]"
-46.65122,-23.56592,"[204469-]","[204469-]"
-43.91944,-19.78639,"[204480]","[204480]"
-38.49447,-3.84447,"[204483]","[204483]"
-43.94358,-19.92203,"N","[205086]"
-43.23903,-22.84522,"[205441]","[205441]"
-42.51181,-22.33675,"[205447]","[205447]"
-46.54397,-23.70225,"[205450]","[205450]"
-43.92753,-19.92300,"[205642]","[205642]"
-60.00039,-3.11939,"[205682-]","[205682-]"
-60.00106,-3.11978,"[205683-]","[205683-]"
-43.38339,-22.90000,"[205707]","[205707]"
-43.30900,-22.85069,"[205830]","[205830]"
-35.77044,-9.57636,"[205872]","[205872]"
-35.77092,-9.57614,"[205875]","[205875]"
-46.78831,-23.50433,"[205880]","[205880]"
-46.60058,-23.50047,"[205882]","[205882]"
-46.63111,-23.52706,"[205904]","[205904]"
-60.01022,-3.10811,"[205941]","[205941]"
-34.87878,-8.03972,"[205943]","[205943]"
-43.93422,-19.78572,"[205969]","[205969]"
-43.18333,-22.96831,"[205970]","[205970]"
-43.19219,-22.90561,"[206002]","[206002]"
-47.33775,-15.54872,"[206007]","[206007]"
-47.33778,-15.54864,"[206008-]","[206008-]"
-47.33792,-15.54878,"[206009-]","[206009-]"
-47.33736,-15.54308,"[206010-]","[206010-]"
-47.33744,-15.54314,"[206011-]","[206011-]"
-47.33753,-15.54461,"[206012-]","[206012-]"
-47.33761,-15.54456,"[206013-]","[206013-]"
-47.33522,-15.54347,"[206014-]","[206014-]"
-47.33525,-15.54350,"[206015-]","[206015-]"
-47.33525,-15.54344,"[206017]","[206017]"
-47.33767,-15.54742,"[206018]","[206018]"
-47.33781,-15.54747,"[206019-]","[206019-]"
-47.33756,-15.54753,"[206020-]","[206020-]"
-47.33750,-15.54767,"[206021]","[206021]"
-47.33094,-15.55006,"[206022]","[206022]"
-47.33078,-15.54992,"[206023-]","[206023-]"
-47.33086,-15.54964,"[206024]","[206024]"
-47.33119,-15.54986,"[206025]","[206025]"
-47.33556,-15.53933,"[206026]","[206026]"
-47.33553,-15.53897,"[206027]","[206027]"
-47.33719,-15.53939,"[206028]","[206028]"
-47.33722,-15.53942,"[206029-]","[206029-]"
-47.33664,-15.54467,"[206030]","[206030]"
-47.33675,-15.54475,"[206031]","[206031]"
-47.33828,-15.54292,"[206032]","[206032]"
-47.33828,-15.54286,"[206033]","[206033]"
-49.26039,-25.43544,"[206036]","[206036]"
-46.58122,-23.72072,"[206041-]","[206041-]"
-46.58103,-23.72114,"[206042-]","[206042-]"
-40.17778,-19.56336,"[206062]","[206062]"
-43.93525,-19.94711,"[206101]","[206101]"
-43.93489,-19.94633,"[206102]","[206102]"
-46.55083,-23.68711,"[206124]","[206124]"
-49.25019,-16.67875,"[206178-]","[206178-]"
-49.24978,-16.67878,"[206179-]","[206179-]"
-35.73822,-9.62694,"[206267]","[206267]"
-35.73817,-9.62683,"[206269]","[206269]"
-35.73797,-9.62697,"[206270]","[206270]"
-41.78492,-22.39547,"[206274]","[206274]"
-43.22750,-22.81047,"[206277-]","[206277-]"
-47.65106,-22.73717,"[206343]","[206343]"
-47.65639,-22.74869,"[206345-]","[206345-]"
-49.26344,-16.71892,"[206346]","[206346]"
-40.96589,-20.87836,"[208537]","[208537]"
-40.39653,-20.03267,"[208538]","[208538]"
-46.18967,-23.52133,"[208836]","[208836]"
-43.93461,-19.85261,"[213690]","[213690]"
-49.22411,-18.41850,"[213694]","[213694]"
-47.18297,-1.19303,"[213695]","[213695]"
-46.44306,-23.57839,"[213705]","[213705]"
-43.37972,-22.97292,"[213706]","[213706]"
-48.61039,-27.56794,"[213708]","[213708]"
-48.61058,-27.56792,"[213709]","[213709]"
-48.60586,-27.57081,"[213710]","[213710]"
-48.60547,-27.57097,"[213711]","[213711]"
-48.60578,-27.57094,"[213712]","[213712]"
-48.60308,-27.57236,"[213713]","[213713]"
-48.60322,-27.57239,"[213714]","[213714]"
-43.93350,-19.94161,"[215978]","[215978]"
-46.43492,-23.66522,"[215979]","[215979]"
-46.93717,-23.54158,"[215983]","[215983]"
-51.38736,-22.12067,"[216008]","[216008]"
-51.38742,-22.12094,"[216009]","[216009]"
-51.38758,-22.12081,"[216010]","[216010]"
-51.38722,-22.12083,"[216011]","[216011]"
-51.38953,-22.12500,"[216012]","[216012]"
-51.38986,-22.12497,"[216013]","[216013]"
-51.38964,-22.12483,"[216014]","[216014]"
-51.38972,-22.12514,"[216015]","[216015]"
-53.50075,-28.29758,"[216279]","[216279]"
-41.95911,-18.87567,"[216280]","[216280]"
-41.95933,-18.87597,"[216281-]","[216281-]"
-40.29286,-20.34250,"[216282]","[216282]"
-40.29267,-20.34236,"[216283]","[216283]"
-46.46453,-23.66342,"[216520]","[216520]"
-54.61417,-20.46369,"[216549]","[216549]"
-49.30069,-16.72031,"[216551]","[216551]"
-49.30111,-16.72033,"[216552]","[216552]"
-49.25953,-16.68639,"[216561]","[216561]"
-46.57069,-21.78692,"[216696-]","[216696-]"
-43.92692,-19.86231,"[216701]","[216701]"
-38.50219,-3.74369,"[216770]","[216770]"
-38.50319,-3.74339,"[216771]","[216771]"
-38.50419,-3.74311,"[216772]","[216772]"
-38.50161,-3.74389,"[216773]","[216773]"
-51.28108,-23.27717,"[216847]","[216847]"
-51.28117,-23.27731,"[216848]","[216848]"
-51.27136,-23.27733,"[216867]","[216867]"
-51.27169,-23.27714,"[216868]","[216868]"
-51.27136,-23.27719,"[216869]","[216869]"
-46.55494,-23.74044,"[216902]","[216902]"
-46.55500,-23.74058,"[216903]","[216903]"
-49.24331,-18.41286,"[216922]","[216922]"
-51.16011,-23.30769,"[216940]","[216940]"
-52.60094,-23.64861,"[216954]","[216954]"
-51.28064,-23.28069,"[216968]","[216968]"
-51.28047,-23.28053,"[216969]","[216969]"
-51.28028,-23.28061,"[216970-]","[216970-]"
-51.28042,-23.28075,"[216971]","[216971]"
-48.16606,-21.80350,"[216976]","[216976]"
-50.79019,-24.38219,"[216978]","[216978]"
-45.00239,-19.22000,"[217063-]","[217063-]"
-50.40906,-24.92378,"[217075]","[217075]"
-43.22953,-22.88619,"[217077]","[217077]"
-45.00261,-19.22411,"[217080-]","[217080-]"
-45.00253,-19.22406,"[217081-]","[217081-]"
-45.00247,-19.22417,"[217082-]","[217082-]"
-45.00256,-19.22422,"[217083-]","[217083-]"
-49.26428,-16.70325,"[217088-]","[217088-]"
-49.26397,-16.71006,"[217089-]","[217089-]"
-41.79828,-22.35917,"[217135]","[217135]"
-36.20808,-7.95050,"[217137-]","[217137-]"
-49.26358,-16.71931,"[217142-]","[217142-]"
-47.72225,-24.38950,"[217145]","[217145]"
-47.72261,-24.38881,"[217146]","[217146]"
-49.23881,-16.67558,"[217169]","[217169]"
-49.24903,-16.67842,"E","[217170]"
-43.27975,-22.84144,"[217269]","[217269]"
-43.27931,-22.84153,"[217274]","[217274]"
-46.48925,-23.65378,"[217285]","[217285]"
-41.28050,-21.15833,"[217308]","[217308]"
-47.08525,-22.89342,"[217320-]","[217320-]"
-44.06042,-19.93592,"[217325-]","[217325-]"
-44.06058,-19.93597,"[217326-]","[217326-]"
-47.15425,-22.76750,"[217370]","[217370]"
-51.42769,-23.40947,"[217373]","[217373]"
-51.42781,-23.40944,"[217374]","[217374]"
-51.42775,-23.40936,"[217375]","[217375]"
-51.42758,-23.40942,"[217376]","[217376]"
-47.21244,-23.07808,"[217409-]","[217409-]"
-51.08903,-24.03436,"[217412]","[217412]"
-45.55200,-23.02661,"[217556-]","[217556-]"
-49.29378,-16.71769,"[217693]","[217693]"
-44.00453,-19.97681,"[217696]","[217696]"
-40.38639,-20.04881,"[217720-]","[217720-]"
-47.77778,-23.55278,"[217722]","[217722]"
-48.51964,-18.87642,"[217931]","[217931]"
-46.53364,-23.73739,"[218059]","[218059]"
-43.40964,-21.71361,"[218072]","[218072]"
-35.18253,-5.86706,"[218366]","[218366]"
-54.62197,-20.46486,"[218375-]","[218375-]"
-54.62175,-20.46483,"[218376-]","[218376-]"
-49.24661,-16.67783,"S","[218432-]"
-47.64694,-22.72722,"[218433]","[218433]"
-46.64333,-23.55250,"[218442-]","[218442-]"
-40.29403,-20.34219,"[218468]","[218468]"
-40.29389,-20.34225,"[218469]","[218469]"
-42.00386,-22.64836,"[218471]","[218471]"
-43.95189,-19.91417,"[218475]","[218475]"
-46.83986,-23.23147,"[218493]","[218493]"
-45.90969,-23.23739,"[218559]","[218559]"
-48.48333,-1.45669,"[218573]","[218573]"
-51.42528,-23.42019,"[218582]","[218582]"
-51.42542,-23.41997,"[218583]","[218583]"
-55.53908,-30.87744,"[219474]","[219474]"
-55.53931,-30.87736,"[219475]","[219475]"
-46.78978,-23.56781,"[219477-]","[219477-]"
-43.94231,-19.90931,"[219551-]","[219551-]"
-43.94375,-19.91394,"[219552-]","[219552-]"
-40.07789,-19.42239,"[219563]","[219563]"
-46.55300,-22.93675,"[219583]","[219583]"
-46.55303,-22.93714,"[219584]","[219584]"
-52.61122,-23.67453,"[219589]","[219589]"
-52.61453,-23.66756,"[219590]","[219590]"
-49.29306,-16.69508,"[219591-]","[219591-]"
-49.29236,-16.69525,"[219592]","[219592]"
-60.05172,-3.09375,"[219596-]","[219596-]"
-41.95914,-18.87586,"[219599]","[219599]"
-43.19019,-22.97231,"[219679]","[219679]"
-43.95981,-19.82767,"[220132]","[220132]"
-43.95975,-19.82778,"[220133]","[220133]"
-43.96000,-19.82758,"[220134]","[220134]"
-43.96014,-19.82800,"[220135-]","[220135-]"
-43.96003,-19.82811,"[220136]","[220136]"
-43.95708,-19.86544,"N","[220137]"
-46.92586,-23.60494,"[220139]","[220139]"
-51.94319,-23.42069,"[220279]","[220279]"
-44.29519,-2.50569,"[220300-]","[220300-]"
-51.95650,-23.43847,"[220304-]","[220304-]"
-43.96617,-19.84208,"[220358-]","[220358-]"
-43.95964,-19.85861,"[220359]","[220359]"
-47.37000,-22.73850,"[220364]","[220364]"
-43.99903,-19.86961,"[220549-]","[220549-]"
-43.99936,-19.86911,"[220550-]","[220550-]"
-43.95025,-19.88886,"[220551-]","[220551-]"
-43.95561,-19.91100,"[220552]","[220552]"
-43.96131,-19.81203,"[220554]","[220554]"
-43.97081,-19.80681,"[220555-]","[220555-]"
-43.97097,-19.80672,"[220556-]","[220556-]"
-43.95239,-19.81847,"[220557-]","[220557-]"
-43.95642,-19.82594,"[220559]","[220559]"
-43.95656,-19.81592,"[220561-]","[220561-]"
-43.94733,-19.82256,"[220567]","[220567]"
-43.96039,-19.81442,"[220568-]","[220568-]"
-43.96000,-19.90808,"[220573-]","[220573-]"
-60.00439,-3.12458,"[220578-]","[220578-]"
-43.93239,-19.91131,"[220623-]","[220623-]"
-43.92519,-19.89417,"[220624-]","[220624-]"
-43.35272,-21.74967,"[220629-]","[220629-]"
-43.96811,-19.91856,"[220737-]","[220737-]"
-43.96833,-19.91886,"[220738-]","[220738-]"
-47.20036,-22.86856,"[220752-]","[220752-]"
-43.93467,-19.94583,"[220770]","[220770]"
-44.00569,-19.87831,"[220771-]","[220771-]"
-44.00531,-19.87811,"[220772-]","[220772-]"
-44.00536,-19.87878,"[220773-]","[220773-]"
-43.92717,-19.86503,"[220776]","[220776]"
-35.69850,-9.65675,"[220789-]","[220789-]"
-35.69853,-9.65653,"[220790-]","[220790-]"
-38.43150,-12.75125,"[220793]","[220793]"
-43.92931,-19.88625,"[220795-]","[220795-]"
-43.92897,-19.88625,"[220796-]","[220796-]"
-43.91292,-19.88028,"[220797-]","[220797-]"
-43.93486,-19.91850,"[220799-]","[220799-]"
-43.94100,-19.92381,"[220800-]","[220800-]"
-43.93147,-19.92219,"[220801-]","[220801-]"
-48.18658,-18.65969,"[220867]","[220867]"
-48.18681,-18.65972,"[220868]","[220868]"
-52.61311,-23.66592,"[220895]","[220895]"
-43.93672,-19.92475,"[220966]","[220966]"
-43.93708,-19.92481,"[220967-]","[220967-]"
-43.93747,-19.92456,"[220968-]","[220968-]"
-46.55228,-23.68989,"[221014]","[221014]"
-46.55236,-23.68986,"[221015]","[221015]"
-60.01564,-3.04522,"[221022-]","[221022-]"
-60.01594,-3.04544,"[221024-]","[221024-]"
-59.98281,-3.10139,"[221028-]","[221028-]"
-53.05267,-26.07575,"[221046]","[221046]"
-42.00153,-22.62806,"[221050]","[221050]"
-42.00153,-22.62811,"[221051]","[221051]"
-42.00264,-22.63797,"[221052]","[221052]"
-42.00264,-22.63781,"[221053]","[221053]"
-40.39794,-20.34222,"[221594]","[221594]"
-56.74358,-20.09319,"[221750]","[221750]"
-49.06711,-18.86819,"[221983-]","[221983-]"
-49.06669,-18.86750,"[221984-]","[221984-]"